Node name,Node name,Line type,Length [m],Tie-line (0)/feeder (1)
F4HN58,F4HN59,ALOC240,43,1
F4HN59,F4HN60,ALOC240,44,1
F4HN57,F4HN58,ALOC240,43,1
F4HN50,F4HN51,ALOC240,72,1
F4HN51,F4HN52,ALOC240,72,1
F4HN49,F4HN50,ALOC240,18,1
F4HN52,F4HN53,ALOC240,72,1
F4HN53,F4HN54,ALOC240,72,1
F4HN54,F4HN55,ALOC240,72,1
F4HN55,F4HN56,ALOC240,23,1
F4HN56,F4HN57,ALOC240,46,1
F4HN56,F4HN73,ALOE32,2,0
F8HN119,F8HN120,CUCVT325,25,0
F8HN120,F8HN127,CUCVT325,25,0
F8HN117,F8HN121,CUOC80,39,0
F8HN121,F8HN124,CUOC80,29,0
F8HN122,F8HN99,CUOC80,41,0
F8HN122,F8HN123,CUOC80,41,0
F8HN123,F8HN135,CUOC80,41,0
F1HN156,F1HN157,ALOC120,51,0
F1HN155,F1HN156,ALOC120,51,0
F3HN81,F3HN91,CUCVT325,25,0
F3HN105,F3HN91,CUCVT325,25,0
F1HN157,F1HN158,ALOC120,51,0
F1HN153,F1HN154,ALOC120,51,0
F1HN154,F1HN155,ALOC120,51,0
F8HN127,F8HN138,CUCVT325,25,0
F4HN4,F4HN5,ALOC240,65,1
F4HN5,F4HN6,ALOC240,64,1
F4HN3,F4HN4,ALOC240,41,1
F4HN6,F4HN7,ALOC240,64,1
F4HN7,F4HN8,ALOC240,65,1
F1HN0,F4HN1,CUCVT500,349,1
F4HN1,F4HN2,CUCVT325,52,1
F4HN2,F4HN3,ALOC240,24,1
F4HN10,F4HN9,ALOC240,65,1
F4HN8,F4HN9,ALOC240,64,1
F1HN158,F1HN159,ALOC120,51,0
F1HN159,F1HN160,ALOC120,51,0
F7HN137,F7HN138,CUCVT325,18,0
F7HN138,F7HN139,ALOC120,33,0
F7HN139,F7HN140,ALOC120,51,0
F7HN136,F7HN137,CUCVT325,51,0
F7HN133,F7HN136,CUCVT325,51,0
F7HN129,F7HN134,CUCVT60,16,0
F7HN134,F7HN135,CUCVT60,1,0
F7HN131,F7HN132,ALOC240,17,0
F7HN128,F7HN133,CUCVT325,51,0
F7HN124,F7HN130,ALOC240,17,0
F7HN130,F7HN131,ALOC240,0,0
F14HN79,F14HN80,CUOC80,4,1
F14HN78,F14HN79,CUOC80,8,1
F14HN77,F14HN78,CUOC80,8,1
F14HN74,F14HN75,CUOC80,8,1
F14HN75,F14HN76,CUOC80,8,1
F14HN73,F14HN74,CUOC80,8,1
F14HN76,F14HN77,CUOC80,8,1
F14HN70,F14HN71,CUOC80,8,1
F14HN71,F14HN72,CUOC80,8,1
F14HN69,F14HN70,CUOC80,0,1
F14HN72,F14HN73,CUOC80,8,1
F18HN104,F18HN88,CUOC80,17,0
F5HN78,F5HN89,CUOE5,26,0
F5HN103,F5HN89,CUOE5,33,0
F5HN104,F5HN88,CUOC80,17,0
F5HN78,F5HN88,CUOC80,58,0
F5HN87,F5HN99,CUOC80,41,0
F5HN84,F5HN87,CUOC80,41,0
F5HN69,F5HN86,CUOC80,39,0
F5HN86,F5HN96,CUOC80,38,0
F18HN163,F18HN164,CUOE5,6,0
F5HN70,F5HN84,CUOC80,41,0
F5HN83,F5HN85,CUOE5,1,0
F5HN76,F5HN83,CUOE5,51,0
F5HN82,F5HN93,CUOC80,25,0
F5HN76,F5HN82,CUOC80,25,0
F5HN81,F5HN91,CUCVT325,25,0
F5HN79,F5HN81,CUCVT325,25,0
F5HN73,F5HN80,CUOC80,23,0
F5HN80,F5HN92,CUOC80,15,0
F14HN10,F14HN9,CUOC80,16,1
F14HN8,F14HN9,CUOC80,15,1
F18HN106,F18HN107,CUCVT325,25,0
F18HN107,F18HN110,CUCVT325,25,0
F18HN100,F18HN108,CUOE5,0,0
F18HN100,F18HN97,CUOE5,1,0
F18HN101,F18HN93,CUOC80,67,0
F8HN46,F8HN47,CUOC80,55,1
F8HN45,F8HN46,CUOC80,37,1
F8HN47,F8HN48,CUOC80,15,1
F8HN44,F8HN45,CUOC80,40,1
F8HN44,F8HN50,CUOC80,21,0
F8HN43,F8HN44,CUOC80,52,1
F8HN42,F8HN43,CUOC80,25,1
F8HN41,F8HN42,CUCVT200,67,1
F8HN39,F8HN40,CUOC80,44,1
F8HN40,F8HN41,CUCVT200,47,1
F7HN103,F7HN99,ALOC240,51,0
F7HN92,F7HN99,ALOC240,51,0
F7HN94,F7HN96,CUCVT60,35,0
F7HN96,F7HN98,ALOC120,6,0
F7HN83,F7HN97,ALOC120,51,0
F7HN101,F7HN97,ALOC120,51,0
F7HN90,F7HN94,ALOC120,10,0
F6HN159,F7HN94,DUMMY 1,0,0
F18HN103,F18HN89,CUOE5,33,0
F7HN91,F7HN92,ALOC240,51,0
F7HN85,F7HN93,ALOC240,16,0
F7HN100,F7HN93,ALOC240,16,0
F7HN57,F7HN90,ALOC120,14,0
F8HN49,F8HN67,CUOC80,25,0
F8HN49,F8HN58,CUOE5,51,0
F8HN36,F8HN49,CUOC80,41,0
F14HN96,F14HN97,CUCVT150,8,1
F14HN97,F14HN98,CUCVT150,8,1
F14HN162,F14HN163,CUOE5,7,0
F14HN163,F14HN164,CUOE5,7,0
F14HN95,F14HN96,CUCVT150,8,1
F14HN94,F14HN95,CUCVT150,5,1
F14HN93,F14HN94,CUOC80,2,1
F14HN92,F14HN93,CUOC80,8,1
F14HN86,F14HN92,CUOC80,8,1
F14HN91,F15HN153,CUCVT325,25,0
F14HN90,F14HN91,CUOC80,16,1
F14HN165,F14HN166,CUOE5,1,0
F14HN164,F14HN165,CUOE5,4,0
F14HN167,F14HN169,CUOE5,5,0
F14HN169,F14HN170,CUOE5,1,0
F14HN100,F14HN99,CUCVT150,8,1
F14HN98,F14HN99,CUCVT150,8,1
F17HN145,F17HN147,CUOE5,10,0
F17HN142,F17HN145,CUOE5,65,0
F17HN143,F17HN144,CUOE5,24,0
F17HN144,F17HN155,CUOE5,30,0
F5HN113,F5HN118,CUOC80,16,0
F5HN119,F5HN120,CUCVT325,25,0
F5HN116,F5HN119,CUCVT325,25,0
F17HN141,F17HN151,CUOE5,28,0
F17HN141,F17HN149,CUOC80,5,0
F17HN135,F17HN141,CUOC80,35,0
F17HN133,F17HN140,CUOE5,64,0
F17HN140,F17HN142,CUOE5,10,0
F17HN136,F17HN143,CUOE5,50,0
F5HN112,F5HN113,CUOC80,23,0
F5HN111,F5HN112,CUOC80,15,0
F2HN39,F2HN40,ALOC240,10,1
F2HN38,F2HN39,ALOC240,46,1
F5HN107,F5HN110,CUCVT325,25,0
F5HN110,F5HN115,CUCVT325,25,0
F5HN111,F5HN92,CUOC80,23,0
F5HN115,F5HN116,CUCVT325,25,0
F17HN148,F17HN154,CUOC80,12,0
F17HN137,F17HN148,CUOC80,5,0
F5HN109,F5HN114,CUOE5,1,0
F5HN114,F5HN126,CUOE5,91,0
F17HN85,F17HN98,CUOE5,91,0
F17HN102,F17HN98,CUOE5,0,0
F3HN73,F3HN80,CUOC80,23,0
F3HN64,F3HN73,CUOC80,15,0
F9HN33,F9HN34,ALOC240,46,1
F9HN34,F9HN35,ALOC240,46,1
F5HN61,F5HN72,CUCVT325,25,0
F5HN72,F5HN74,CUCVT325,25,0
F5HN64,F5HN73,CUOC80,15,0
F17HN34,F17HN35,CUOC80,38,1
F17HN33,F17HN34,CUOC80,34,1
F5HN60,F5HN71,CUOC80,39,0
F5HN71,F5HN75,CUOC80,32,0
F17HN32,F17HN51,CUOC80,1,0
F17HN32,F17HN33,CUOC80,7,1
F17HN31,F17HN32,CUOC80,29,1
F5HN77,F5HN90,CUOE5,1,0
F5HN66,F5HN77,CUOE5,89,0
F16HN112,F16HN5,CUCVT38,10,0
F16HN2,F16HN5,CUOC60,40,1
F16HN108,F16HN4,CUCVT60,20,0
F16HN4,F16HN7,CUOC60,30,1
F16HN3,F16HN4,CUOC60,20,1
F11HN61,F11HN62,CUCVT150,6,1
F11HN60,F11HN61,CUCVT150,35,1
F11HN61,F11HN99,CUCVT38,30,0
F11HN59,F11HN60,CUCVT150,42,1
F11HN67,F11HN68,CUCVT150,106,1
F11HN66,F11HN67,DUMMY 1,0,1
F11HN67,F11HN77,CUCVT150,44,1
F11HN65,F11HN66,CUCVT150,6,1
F16HN10,F16HN3,CUOC60,20,1
F16HN3,F16HN6,CUOC125,10,1
F16HN2,F16HN3,CUOC125,50,1
F16HN1,F16HN2,CUOC125,30,1
F16HN2,F16HN9,CUOC60,50,1
F11HN69,F11HN70,CUCVT150,92,1
F11HN68,F11HN69,CUCVT150,13,1
F11HN105,F11HN69,CUCVT60,10,0
F16HN13,F16HN9,CUOC60,13,1
F16HN7,F16HN8,CUCVT150,280,1
F3HN74,F3HN79,CUCVT325,25,0
F3HN72,F3HN74,CUCVT325,25,0
F12HN69,F12HN86,CUOC80,39,0
F12HN62,F12HN69,CUOC80,38,0
F11HN80,F11HN81,CUCVT150,53,1
F11HN81,F11HN82,CUCVT150,76,1
F11HN79,F11HN80,CUCVT150,52,1
F11HN104,F11HN80,CUCVT60,30,0
F16HN56,F16HN57,CUCVT150,42,1
F16HN57,F16HN58,CUCVT150,0,1
F16HN10,F16HN11,CUOC60,30,1
F16HN11,F16HN12,CUOC60,30,1
F16HN11,F16HN114,CUOC60,50,0
F16HN10,F16HN113,CUCVT60,50,0
F16HN13,F16HN30,CUOC60,13,1
F16HN15,F16HN18,CUOC125,2,1
F16HN14,F16HN15,CUOC125,20,1
F16HN15,F16HN16,CUOC125,15,1
F16HN14,F16HN95,CUCVT60,7,0
F16HN14,F16HN6,CUOC125,20,1
F16HN111,F16HN17,CUCVT38,30,0
F16HN16,F16HN17,CUOC125,4,1
F18HN34,F18HN35,CUOC80,38,1
F18HN35,F18HN36,CUOC80,42,1
F18HN33,F18HN34,CUOC80,34,1
F18HN36,F18HN37,CUOC80,0,1
F18HN37,F18HN38,CUOC80,12,1
F18HN36,F18HN49,CUOC80,41,0
F18HN30,F18HN31,CUOC80,36,1
F18HN31,F18HN32,CUOC80,29,1
F18HN29,F18HN30,CUOC80,19,1
F18HN32,F18HN33,CUOC80,7,1
F18HN32,F18HN51,CUOC80,1,0
F11HN103,F11HN87,CUCVT60,90,0
F11HN84,F11HN87,CUCVT150,6,1
F2HN44,F2HN45,ALOC240,94,1
F2HN45,F2HN46,ALOC240,55,1
F14HN7,F14HN8,CUOC80,16,1
F14HN6,F14HN7,CUOC80,16,1
F11HN88,F11HN89,CUCVT150,113,1
F11HN86,F11HN88,CUCVT150,113,1
F14HN3,F14HN4,CUOC80,16,1
F14HN2,F14HN3,CUOC80,1116,1
F14HN1,F14HN2,CUCVT200,35,1
F1HN32,F1HN33,ALOC240,51,1
F1HN33,F1HN34,ALOC240,51,1
F6HN100,F6HN108,CUOE5,0,0
F6HN100,F6HN97,CUOE5,1,0
F9HN64,F9HN65,ALOC240,43,1
F9HN63,F9HN64,ALOC240,44,1
F6HN102,F6HN109,CUOE5,91,0
F6HN102,F6HN98,CUOE5,0,0
F6HN103,F6HN89,CUOE5,33,0
F9HN60,F9HN61,ALOC240,43,1
F9HN61,F9HN62,ALOC240,44,1
F6HN105,F6HN91,CUCVT325,25,0
F6HN105,F6HN106,CUCVT325,25,0
F6HN106,F6HN107,CUCVT325,25,0
F4HN39,F4HN40,ALOC240,10,1
F4HN38,F4HN39,ALOC240,46,1
F6HN107,F6HN110,CUCVT325,25,0
F7HN149,F7HN150,ALOC120,51,0
F7HN148,F7HN149,ALOC120,51,0
F7HN147,F7HN148,ALOC120,51,0
F7HN142,F7HN143,ALOC120,51,0
F7HN143,F7HN144,ALOC120,51,0
F7HN141,F7HN142,ALOC120,51,0
F7HN140,F7HN141,ALOC120,51,0
F7HN146,F7HN147,ALOC120,51,0
F7HN145,F7HN146,ALOC120,51,0
F7HN144,F7HN145,ALOC120,51,0
F4HN64,F4HN65,ALOC240,43,1
F4HN63,F4HN64,ALOC240,44,1
F4HN65,F4HN66,ALOC240,43,1
F4HN66,F4HN67,ALOC240,44,1
F4HN67,F4HN68,ALOC240,43,1
F4HN60,F4HN61,ALOC240,43,1
F4HN61,F4HN62,ALOC240,44,1
F4HN62,F4HN63,ALOC240,43,1
F4HN68,F4HN69,ALOC240,6,1
F4HN69,F4HN70,ALOC240,24,1
F4HN69,F4HN76,ALOE32,17,0
F4HN69,F4HN75,ALOC240,13,0
F1HN36,F1HN37,ALOC240,51,1
F1HN35,F1HN36,ALOC240,51,1
F14HN68,F14HN69,CUOC80,8,1
F14HN67,F14HN68,CUOC80,0,1
F14HN62,F14HN63,CUOC80,7,1
F14HN61,F14HN62,CUOC80,7,1
F14HN63,F14HN64,CUOC80,0,1
F14HN59,F14HN60,CUOC80,7,1
F14HN60,F14HN61,CUOC80,7,1
F14HN66,F14HN67,CUOC80,7,1
F14HN65,F14HN66,CUOC80,7,1
F14HN106,F14HN64,CUOE5,6,0
F14HN64,F14HN65,CUOC80,6,1
F10HN92,F10HN93,CUCVT150,13,1
F10HN93,F9HN92,CUCVT150,12,1
F10HN76,F10HN92,CUCVT150,14,1
F10HN74,F10HN91,CUCVT150,21,1
F10HN89,F10HN90,CUCVT150,113,1
F10HN90,F11HN74,CUCVT150,21,1
F10HN97,F10HN98,CUCVT22,13,0
F10HN40,F10HN97,CUCVT22,0,0
F10HN115,F10HN96,CUCVT60,13,0
F10HN38,F10HN96,CUCVT60,3,0
F10HN14,F10HN95,CUCVT60,7,0
F10HN110,F10HN95,CUCVT60,42,0
F10HN61,F10HN99,CUCVT38,30,0
F10HN116,F10HN98,CUCVT22,13,0
F1HN34,F1HN35,ALOC240,51,1
F2HN26,F2HN27,ALOC240,15,1
F2HN25,F2HN26,ALOC240,47,1
F2HN27,F2HN28,ALOC240,30,1
F15HN18,F15HN19,CUOC80,0,1
F15HN17,F15HN18,CUOC80,38,1
F2HN24,F2HN25,ALOC240,60,1
F2HN22,F2HN80,ALOC240,3,0
F2HN22,F2HN23,ALOC240,3,1
F2HN21,F2HN22,ALOC240,61,1
F2HN23,F2HN24,ALOC240,65,1
F2HN19,F2HN20,ALOC240,65,1
F2HN20,F2HN21,ALOC240,65,1
F15HN12,F15HN13,CUOC80,38,1
F15HN11,F15HN12,CUOC80,27,1
F15HN13,F15HN14,CUOC80,7,1
F15HN10,F15HN9,CUOC80,38,1
F15HN10,F15HN11,CUOC80,10,1
F15HN11,F15HN64,CUOC80,7,0
F15HN16,F15HN17,CUOC80,39,1
F15HN15,F15HN16,CUOC80,38,1
F15HN14,F15HN55,CUOC80,9,0
F15HN14,F15HN15,CUOC80,31,1
F3HN63,F3HN70,CUOC80,41,0
F3HN70,F3HN84,CUOC80,41,0
F3HN71,F3HN75,CUOC80,32,0
F3HN60,F3HN71,CUOC80,39,0
F3HN61,F3HN72,CUCVT325,25,0
F8HN55,F8HN59,CUOC80,39,0
F8HN14,F8HN55,CUOC80,9,0
F8HN54,F8HN63,CUOC80,41,0
F8HN51,F8HN54,CUOC80,37,0
F8HN57,F8HN62,CUOC80,38,0
F8HN56,F8HN57,CUOC80,39,0
F8HN22,F8HN56,CUOC80,37,0
F7HN87,F7HN89,CUCVT60,36,0
F7HN86,F7HN88,ALOC240,44,0
F8HN53,F8HN66,CUOC80,4,0
F8HN52,F8HN53,CUOC80,92,0
F8HN50,F8HN52,CUOC80,92,0
F7HN74,F7HN85,ALOC240,13,0
F7HN56,F7HN84,CUCVT60,16,0
F7HN63,F7HN87,CUCVT60,7,0
F7HN64,F7HN86,ALOC240,6,0
F8HN59,F8HN60,CUOC80,38,0
F8HN58,F8HN65,CUOE5,7,0
F7HN82,F7HN83,ALOC120,51,0
F11HN31,F11HN35,CUOC60,1,1
F11HN30,F11HN31,CUOC60,12,1
F11HN31,F11HN32,CUOC60,12,1
F11HN31,F11HN33,CUCVT150,0,1
F14HN174,F14HN175,CUOE5,5,0
F14HN173,F14HN174,CUOE5,1,0
F14HN85,F14HN86,CUOC80,8,1
F14HN87,F14HN88,CUOC80,16,1
F14HN35,F14HN87,CUOC80,16,1
F14HN108,F14HN80,CUOC80,2,0
F14HN80,F14HN81,CUOC80,4,1
F14HN81,F14HN82,CUOC80,8,1
F14HN172,F14HN173,CUOE5,5,0
F14HN171,F14HN172,CUOE5,1,0
F3HN66,F3HN77,CUOE5,89,0
F3HN77,F3HN90,CUOE5,1,0
F14HN88,F14HN89,CUOC80,16,1
F14HN89,F14HN90,CUOC80,16,1
F15HN130,F15HN131,CUOC80,73,0
F15HN131,F15HN137,CUOC80,75,0
F15HN136,F15HN143,CUOE5,50,0
F15HN134,F15HN136,CUOE5,24,0
F15HN30,F15HN31,CUOC80,36,1
F15HN31,F15HN32,CUOC80,29,1
F3HN160,F3HN161,CUOE5,35,0
F3HN161,F3HN162,CUOE5,6,0
F7HN24,F7HN25,ALOC240,51,1
F7HN23,F7HN24,ALOC240,51,1
F12HN113,F12HN118,CUOC80,16,0
F3HN162,F3HN163,CUOE5,35,0
F12HN107,F12HN110,CUCVT325,25,0
F12HN110,F12HN115,CUCVT325,25,0
F11HN70,F11HN71,CUCVT150,27,1
F11HN102,F11HN71,CUCVT38,30,0
F11HN71,F11HN74,CUCVT150,78,1
F11HN45,F11HN72,CUCVT150,13,1
F11HN72,F11HN73,CUCVT150,13,1
F11HN73,F11HN75,CUCVT150,13,1
F3HN37,F3HN38,CUOC80,12,1
F3HN38,F3HN39,CUOC80,92,1
F3HN39,F3HN40,CUOC80,44,1
F11HN76,F11HN92,CUCVT150,14,1
F11HN75,F11HN76,CUCVT150,13,1
F11HN77,F11HN78,CUCVT150,106,1
F11HN78,F11HN79,CUCVT150,106,1
F3HN34,F3HN35,CUOC80,38,1
F3HN35,F3HN36,CUOC80,42,1
F3HN36,F3HN37,CUOC80,0,1
F3HN36,F3HN49,CUOC80,41,0
F3HN29,F3HN30,CUOC80,19,1
F3HN30,F3HN31,CUOC80,36,1
F3HN31,F3HN32,CUOC80,29,1
F3HN32,F3HN51,CUOC80,1,0
F3HN32,F3HN33,CUOC80,7,1
F3HN33,F3HN34,CUOC80,34,1
F18HN28,F18HN29,CUOC80,17,1
F18HN27,F18HN28,CUOC80,36,1
F18HN22,F18HN56,CUOC80,37,0
F18HN21,F18HN22,CUOC80,24,1
F18HN22,F18HN23,CUOC80,14,1
F18HN23,F18HN24,CUOC80,38,1
F18HN19,F18HN20,CUOC80,39,1
F18HN20,F18HN21,CUOC80,38,1
F18HN26,F18HN27,CUOC80,36,1
F18HN25,F18HN26,CUOC80,0,1
F18HN24,F18HN25,CUOC80,38,1
F5HN141,F5HN149,CUOC80,5,0
F5HN149,F5HN150,CUOC80,41,0
F5HN148,F5HN154,CUOC80,12,0
F5HN137,F5HN148,CUOC80,5,0
F12HN119,F12HN120,CUCVT325,25,0
F12HN120,F12HN127,CUCVT325,25,0
F12HN121,F12HN124,CUOC80,29,0
F12HN117,F12HN121,CUOC80,39,0
F12HN122,F12HN123,CUOC80,41,0
F12HN122,F12HN99,CUOC80,41,0
F12HN123,F12HN135,CUOC80,41,0
F12HN124,F12HN125,CUOC80,45,0
F12HN125,F12HN128,CUOE5,10,0
F12HN125,F12HN129,CUOC80,29,0
F12HN126,F12HN132,CUOE5,0,0
F12HN114,F12HN126,CUOE5,91,0
F12HN127,F12HN138,CUCVT325,25,0
F12HN128,F12HN133,CUOE5,10,0
F12HN129,F12HN130,CUOC80,2,0
F4HN22,F4HN23,ALOC240,3,1
F4HN23,F4HN24,ALOC240,65,1
F5HN147,F5HN156,CUOE5,65,0
F5HN145,F5HN147,CUOE5,10,0
F5HN138,F5HN146,CUCVT325,25,0
F5HN146,F5HN153,CUCVT325,25,0
F12HN50,F12HN52,CUOC80,92,0
F12HN52,F12HN53,CUOC80,92,0
F7HN158,F7HN159,ALOC120,51,0
F7HN157,F7HN158,ALOC120,51,0
F7HN159,F7HN160,ALOC120,51,0
F7HN150,F7HN151,ALOC120,51,0
F7HN151,F7HN152,ALOC120,51,0
F7HN152,F7HN153,ALOC120,51,0
F7HN153,F7HN154,ALOC120,51,0
F7HN154,F7HN155,ALOC120,51,0
F7HN155,F7HN156,ALOC120,51,0
F7HN156,F7HN157,ALOC120,51,0
F4HN73,F4HN82,ALOE32,18,0
F4HN31,F4HN72,ALOC240,35,0
F4HN72,F4HN81,ALOC240,46,0
F4HN49,F4HN71,ALOC240,54,0
F4HN16,F4HN77,ALOC240,16,0
F4HN77,F4HN88,ALOC240,65,0
F4HN76,F4HN87,ALOE32,37,0
F4HN75,F4HN86,ALOC240,26,0
F4HN74,F4HN85,ALOE32,65,0
F4HN12,F4HN74,ALOE32,12,0
F4HN42,F4HN79,ALOC240,0,0
F4HN79,F4HN84,ALOC240,38,0
F4HN31,F4HN78,ALOC240,19,0
F4HN78,F4HN89,ALOC240,46,0
F7HN4,F7HN5,ALOC240,51,1
F7HN3,F7HN4,ALOC240,51,1
F7HN5,F7HN6,ALOC240,51,1
F7HN6,F7HN7,ALOC240,51,1
F7HN7,F7HN8,ALOC240,39,1
F1HN0,F7HN1,CUCVT325,108,1
F7HN1,F7HN2,CUCVT500,57,1
F7HN2,F7HN3,ALOC240,51,1
F7HN8,F7HN9,ALOC240,11,1
F7HN8,F7HN82,ALOC120,3,0
F7HN10,F7HN9,ALOC240,51,1
F1HN44,F1HN45,ALOC240,9,1
F1HN43,F1HN44,ALOC240,51,1
F6HN156,F6HN157,CUOE5,10,0
F6HN157,F6HN158,CUOE5,64,0
F6HN147,F6HN156,CUOE5,65,0
F6HN144,F6HN155,CUOE5,30,0
F11HN32,F11HN42,CUOC60,13,1
F6HN146,F6HN153,CUCVT325,25,0
F6HN153,F6HN159,CUCVT325,25,0
F6HN152,F6HN154,CUOC80,41,0
F6HN150,F6HN152,CUOC80,41,0
F6HN141,F6HN151,CUOE5,28,0
F6HN151,F6HN160,CUOE5,6,0
F6HN149,F6HN150,CUOC80,41,0
F10HN79,F10HN80,CUCVT150,52,1
F10HN104,F10HN80,CUCVT60,30,0
F10HN80,F10HN81,CUCVT150,53,1
F4HN36,F4HN37,ALOC240,9,1
F4HN37,F4HN38,ALOC240,37,1
F10HN81,F10HN82,CUCVT150,76,1
F10HN82,F10HN83,DUMMY 1,0,1
F10HN83,F10HN84,CUCVT150,113,1
F10HN83,F10HN85,CUCVT150,16,1
F10HN84,F10HN87,CUCVT150,6,1
F10HN85,F10HN86,CUCVT150,113,1
F10HN86,F10HN88,CUCVT150,113,1
F10HN103,F10HN87,CUCVT60,90,0
F10HN88,F10HN89,CUCVT150,113,1
F4HN35,F4HN36,ALOC240,46,1
F4HN34,F4HN35,ALOC240,46,1
F4HN33,F4HN34,ALOC240,46,1
F4HN32,F4HN33,ALOC240,47,1
F4HN31,F4HN32,ALOC240,11,1
F12HN13,F12HN14,CUOC80,7,1
F12HN12,F12HN13,CUOC80,38,1
F4HN29,F4HN30,ALOC240,46,1
F4HN30,F4HN31,ALOC240,35,1
F1HN46,F1HN47,ALOC240,7,1
F1HN47,F1HN48,ALOC240,51,1
F1HN45,F1HN46,ALOC240,34,1
F9HN17,F9HN18,ALOC240,65,1
F9HN18,F9HN19,ALOC240,65,1
F9HN19,F9HN20,ALOC240,65,1
F2HN34,F2HN35,ALOC240,46,1
F2HN35,F2HN36,ALOC240,46,1
F2HN33,F2HN34,ALOC240,46,1
F18HN105,F18HN106,CUCVT325,25,0
F7HN104,F7HN98,ALOC120,51,0
F2HN31,F2HN78,ALOC240,19,0
F2HN31,F2HN72,ALOC240,35,0
F2HN30,F2HN31,ALOC240,35,1
F2HN31,F2HN32,ALOC240,11,1
F2HN29,F2HN30,ALOC240,46,1
F2HN32,F2HN33,ALOC240,47,1
F1HN42,F1HN43,ALOC240,51,1
F18HN109,F18HN114,CUOE5,1,0
F18HN102,F18HN109,CUOE5,91,0
F1HN41,F1HN42,ALOC240,51,1
F1HN40,F1HN41,ALOC240,51,1
F1HN39,F1HN40,ALOC240,51,1
F8HN60,F8HN71,CUOC80,39,0
F8HN3,F8HN61,CUCVT325,16,0
F8HN61,F8HN72,CUCVT325,25,0
F8HN62,F8HN69,CUOC80,38,0
F8HN63,F8HN70,CUOC80,41,0
F8HN11,F8HN64,CUOC80,7,0
F8HN64,F8HN73,CUOC80,15,0
F8HN66,F8HN77,CUOE5,89,0
F8HN66,F8HN68,CUOC80,91,0
F8HN67,F8HN78,CUOC80,6,0
F8HN68,F8HN76,CUOC80,40,0
F8HN69,F8HN86,CUOC80,39,0
F9HN10,F9HN11,ALOC240,64,1
F9HN11,F9HN12,ALOC240,31,1
F9HN13,F9HN14,ALOC240,65,1
F9HN12,F9HN13,ALOC240,34,1
F5HN85,F5HN98,CUOE5,91,0
F18HN162,F18HN163,CUOE5,35,0
F18HN161,F18HN162,CUOE5,6,0
F16HN33,F16HN34,CUCVT150,13,1
F16HN31,F16HN33,CUCVT150,0,1
F18HN151,F18HN160,CUOE5,6,0
F18HN160,F18HN161,CUOE5,35,0
F3HN28,F3HN29,CUOC80,17,1
F3HN27,F3HN28,CUOC80,36,1
F11HN46,F11HN49,CUCVT150,34,1
F11HN49,F11HN55,CUCVT150,15,1
F11HN47,F11HN48,CUCVT150,42,1
F11HN48,F11HN50,CUCVT150,42,1
F6HN117,F6HN121,CUOC80,39,0
F6HN121,F6HN124,CUOC80,29,0
F11HN44,F11HN45,CUCVT150,13,1
F3HN22,F3HN23,CUOC80,14,1
F3HN22,F3HN56,CUOC80,37,0
F3HN21,F3HN22,CUOC80,24,1
F11HN46,F11HN47,CUCVT150,7,1
F3HN20,F3HN21,CUOC80,38,1
F3HN19,F3HN20,CUOC80,39,1
F11HN40,F11HN41,CUCVT150,2,1
F11HN41,F11HN43,CUCVT150,13,1
F11HN40,F11HN97,CUCVT22,0,0
F11HN39,F11HN40,CUCVT150,11,1
F3HN25,F3HN26,CUOC80,0,1
F3HN24,F3HN25,CUOC80,38,1
F10HN12,F11HN42,CUOC60,13,1
F3HN23,F3HN24,CUOC80,38,1
F11HN43,F11HN44,CUCVT150,13,1
F12HN8,F12HN9,CUOC80,39,1
F12HN10,F12HN9,CUOC80,38,1
F11HN29,F11HN46,CUCVT150,7,1
F6HN114,F6HN126,CUOE5,91,0
F6HN126,F6HN132,CUOE5,0,0
F3HN26,F3HN27,CUOC80,36,1
F16HN78,F16HN79,CUCVT150,106,1
F16HN79,F16HN80,CUCVT150,52,1
F16HN77,F16HN78,CUCVT150,106,1
F16HN72,F16HN73,CUCVT150,13,1
F16HN73,F16HN75,CUCVT150,13,1
F12HN7,F12HN8,CUOC80,8,1
F16HN102,F16HN71,CUCVT38,30,0
F16HN70,F16HN71,CUCVT150,27,1
F16HN71,F16HN74,CUCVT150,78,1
F16HN69,F16HN70,CUCVT150,92,1
F16HN67,F16HN77,CUCVT150,44,1
F16HN76,F16HN92,CUCVT150,14,1
F16HN75,F16HN76,CUCVT150,13,1
F16HN74,F16HN91,CUCVT150,21,1
F6HN120,F6HN127,CUCVT325,25,0
F6HN127,F6HN138,CUCVT325,25,0
F8HN18,F8HN19,CUOC80,0,1
F8HN19,F8HN20,CUOC80,39,1
F3HN145,F3HN147,CUOE5,10,0
F3HN147,F3HN156,CUOE5,65,0
F3HN138,F3HN146,CUCVT325,25,0
F3HN146,F3HN153,CUCVT325,25,0
F3HN142,F3HN145,CUOE5,65,0
F3HN144,F3HN155,CUOE5,30,0
F3HN143,F3HN144,CUOE5,24,0
F3HN136,F3HN143,CUOE5,50,0
F3HN140,F3HN142,CUOE5,10,0
F3HN141,F3HN151,CUOE5,28,0
F3HN141,F3HN149,CUOC80,5,0
F3HN135,F3HN141,CUOC80,35,0
F3HN133,F3HN140,CUOE5,64,0
F11HN110,F11HN95,CUCVT60,42,0
F11HN111,F11HN17,CUCVT38,30,0
F11HN112,F11HN5,CUCVT38,10,0
F11HN10,F11HN113,CUCVT60,50,0
F11HN11,F11HN114,CUOC60,50,0
F11HN115,F11HN96,CUCVT60,13,0
F11HN115,F11HN117,CUCVT60,13,0
F11HN116,F11HN118,CUCVT22,1,0
F11HN116,F11HN98,CUCVT22,13,0
F3HN148,F3HN154,CUOC80,12,0
F3HN137,F3HN148,CUOC80,5,0
F12HN133,F12HN140,CUOE5,64,0
F12HN132,F12HN139,CUOE5,41,0
F12HN130,F12HN131,CUOC80,73,0
F12HN131,F12HN137,CUOC80,75,0
F12HN130,F12HN134,CUOE5,45,0
F12HN137,F12HN148,CUOC80,5,0
F12HN136,F12HN143,CUOE5,50,0
F12HN134,F12HN136,CUOE5,24,0
F12HN135,F12HN141,CUOC80,35,0
F12HN138,F12HN146,CUCVT325,25,0
F4HN16,F4HN17,ALOC240,62,1
F4HN17,F4HN18,ALOC240,65,1
F6HN28,F6HN29,CUOC80,17,1
F6HN27,F6HN28,CUOC80,36,1
F6HN29,F6HN30,CUOC80,19,1
F7HN160,F7HN161,ALOC120,51,0
F7HN161,F7HN162,ALOC120,51,0
F7HN26,F7HN91,ALOC240,33,0
F14HN161,F14HN162,CUOE5,7,0
F13HN54,F14HN160,CUOC80,16,0
F14HN155,F14HN160,CUOC80,15,0
F15HN8,F15HN9,CUOC80,39,1
F15HN7,F15HN8,CUOC80,8,1
F14HN157,F14HN161,CUOE5,7,0
F4HN101,F4HN88,ALOC240,52,0
F4HN89,F4HN94,ALOC240,46,0
F17HN17,F17HN18,CUOC80,38,1
F17HN18,F17HN19,CUOC80,0,1
F4HN84,F4HN90,ALOC240,94,0
F15HN2,F15HN3,DUMMY 1,0,1
F15HN3,F15HN4,CUOC80,25,1
F15HN3,F15HN61,CUCVT325,16,0
F4HN83,F4HN93,ALOC240,65,0
F4HN80,F4HN83,ALOC240,65,0
F4HN22,F4HN80,ALOC240,3,0
F4HN81,F4HN91,ALOC240,45,0
F9HN80,F9HN83,ALOC240,65,0
F9HN83,F9HN93,ALOC240,65,0
F6HN21,F6HN22,CUOC80,24,1
F6HN20,F6HN21,CUOC80,38,1
F9HN73,F9HN82,ALOE32,18,0
F9HN72,F9HN81,ALOC240,46,0
F9HN81,F9HN91,ALOC240,45,0
F5HN10,F5HN11,CUOC80,10,1
F5HN10,F5HN9,CUOC80,38,1
F9HN22,F9HN80,ALOC240,3,0
F17HN14,F17HN15,CUOC80,31,1
F17HN15,F17HN16,CUOC80,38,1
F15HN152,F15HN154,CUOC80,41,0
F15HN148,F15HN154,CUOC80,12,0
F5HN11,F5HN12,CUOC80,27,1
F5HN12,F5HN13,CUOC80,38,1
F15HN144,F15HN155,CUOE5,30,0
F6HN143,F6HN144,CUOE5,24,0
F6HN145,F6HN147,CUOE5,10,0
F6HN142,F6HN145,CUOE5,65,0
F6HN138,F6HN146,CUCVT325,25,0
F6HN133,F6HN140,CUOE5,64,0
F6HN140,F6HN142,CUOE5,10,0
F6HN135,F6HN141,CUOC80,35,0
F6HN141,F6HN149,CUOC80,5,0
F6HN136,F6HN143,CUOE5,50,0
F17HN10,F17HN11,CUOC80,10,1
F17HN10,F17HN9,CUOC80,38,1
F15HN157,F15HN158,CUOE5,64,0
F15HN156,F15HN157,CUOE5,10,0
F6HN137,F6HN148,CUOC80,5,0
F6HN148,F6HN154,CUOC80,12,0
F5HN14,F5HN15,CUOC80,31,1
F5HN15,F5HN16,CUOC80,38,1
F4HN13,F4HN14,ALOC240,65,1
F4HN12,F4HN13,ALOC240,34,1
F5HN16,F5HN17,CUOC80,39,1
F5HN17,F5HN18,CUOC80,38,1
F9HN89,F9HN94,ALOC240,46,0
F9HN78,F9HN89,ALOC240,46,0
F9HN101,F9HN88,ALOC240,52,0
F9HN77,F9HN88,ALOC240,65,0
F17HN147,F17HN156,CUOE5,65,0
F10HN56,F10HN57,CUCVT150,42,1
F10HN57,F10HN58,CUCVT150,0,1
F10HN55,F10HN56,CUCVT150,27,1
F10HN101,F10HN55,CUCVT38,10,0
F10HN49,F10HN55,CUCVT150,15,1
F10HN54,F11HN7,CUCVT150,280,1
F10HN53,F10HN54,CUCVT150,42,1
F10HN51,F10HN53,CUCVT150,42,1
F10HN50,F10HN51,CUCVT150,42,1
F16HN45,F16HN72,CUCVT150,13,1
F10HN59,F10HN60,CUCVT150,42,1
F10HN58,F10HN59,CUCVT150,41,1
F10HN100,F10HN58,CUCVT38,5,0
F8HN163,F8HN164,CUOE5,6,0
F18HN117,F18HN121,CUOC80,39,0
F18HN117,F18HN96,CUOC80,38,0
F18HN115,F18HN116,CUCVT325,25,0
F18HN116,F18HN119,CUCVT325,25,0
F18HN110,F18HN115,CUCVT325,25,0
F18HN114,F18HN126,CUOE5,91,0
F18HN112,F18HN113,CUOC80,23,0
F18HN113,F18HN118,CUOC80,16,0
F18HN111,F18HN112,CUOC80,15,0
F18HN111,F18HN92,CUOC80,23,0
F1HN112,F1HN113,ALOC240,11,0
F1HN111,F1HN112,ALOC240,17,0
F18HN119,F18HN120,CUCVT325,25,0
F1HN113,F1HN115,CUCVT60,5,0
F1HN113,F1HN119,ALOC240,8,0
F1HN110,F1HN116,ALOC240,7,0
F1HN108,F1HN110,ALOC240,51,0
F11HN83,F11HN85,CUCVT150,16,1
F11HN85,F11HN86,CUCVT150,113,1
F1HN107,F1HN111,ALOC240,16,0
F8HN79,F8HN81,CUCVT325,25,0
F8HN74,F8HN79,CUCVT325,25,0
F8HN78,F8HN88,CUOC80,58,0
F8HN78,F8HN89,CUOE5,26,0
F8HN77,F8HN90,CUOE5,1,0
F8HN76,F8HN82,CUOC80,25,0
F8HN76,F8HN83,CUOE5,51,0
F8HN71,F8HN75,CUOC80,32,0
F8HN72,F8HN74,CUCVT325,25,0
F8HN73,F8HN80,CUOC80,23,0
F8HN70,F8HN84,CUOC80,41,0
F11HN83,F11HN84,CUCVT150,113,1
F8HN14,F8HN15,CUOC80,31,1
F8HN15,F8HN16,CUOC80,38,1
F3HN58,F3HN65,CUOE5,7,0
F3HN49,F3HN58,CUOE5,51,0
F3HN55,F3HN59,CUOC80,39,0
F3HN59,F3HN60,CUOC80,38,0
F15HN38,F15HN39,CUOC80,92,1
F15HN39,F15HN40,CUOC80,44,1
F3HN44,F3HN50,CUOC80,21,0
F3HN50,F3HN52,CUOC80,92,0
F3HN51,F3HN54,CUOC80,37,0
F11HN100,F11HN58,CUCVT38,5,0
F11HN58,F11HN59,CUCVT150,41,1
F11HN57,F11HN58,CUCVT150,0,1
F11HN51,F11HN53,CUCVT150,42,1
F11HN53,F11HN54,CUCVT150,42,1
F11HN50,F11HN51,CUCVT150,42,1
F11HN56,F11HN57,CUCVT150,42,1
F11HN55,F11HN56,CUCVT150,27,1
F11HN101,F11HN55,CUCVT38,10,0
F16HN68,F16HN69,CUCVT150,13,1
F16HN67,F16HN68,CUCVT150,106,1
F16HN105,F16HN69,CUCVT60,10,0
F16HN60,F16HN61,CUCVT150,35,1
F16HN59,F16HN60,CUCVT150,42,1
F16HN61,F16HN99,CUCVT38,30,0
F16HN61,F16HN62,CUCVT150,6,1
F16HN62,F16HN63,CUCVT150,42,1
F16HN63,F16HN64,CUCVT150,42,1
F16HN64,F16HN65,CUCVT150,42,1
F16HN65,F16HN66,CUCVT150,6,1
F16HN66,F16HN67,DUMMY 1,0,1
F1HN144,F1HN145,ALOC120,51,0
F1HN145,F1HN146,ALOC120,51,0
F17HN149,F17HN150,CUOC80,41,0
F3HN152,F3HN154,CUOC80,41,0
F11HN109,F11HN7,CUCVT38,10,0
F11HN108,F11HN4,CUCVT60,20,0
F3HN150,F3HN152,CUOC80,41,0
F3HN149,F3HN150,CUOC80,41,0
F3HN151,F3HN160,CUOE5,6,0
F2HN95,F3HN153,CUCVT325,25,0
F11HN100,F11HN107,CUCVT38,24,0
F11HN106,F11HN25,CUCVT60,10,0
F12HN106,F12HN107,CUCVT325,25,0
F12HN105,F12HN106,CUCVT325,25,0
F12HN104,F12HN88,CUOC80,17,0
F12HN105,F12HN91,CUCVT325,25,0
F12HN102,F12HN98,CUOE5,0,0
F12HN102,F12HN109,CUOE5,91,0
F12HN103,F12HN89,CUOE5,33,0
F12HN100,F12HN97,CUOE5,1,0
F12HN100,F12HN108,CUOE5,0,0
F12HN101,F12HN93,CUOC80,67,0
F12HN109,F12HN114,CUOE5,1,0
F4HN91,F4HN99,ALOE32,5,0
F4HN103,F4HN99,ALOE32,46,0
F4HN102,F4HN98,ALOC240,46,0
F4HN91,F4HN98,ALOC240,2,0
F4HN94,F4HN95,ALOC240,47,0
F4HN96,F4HN97,ALOC240,48,0
F4HN93,F4HN96,ALOC240,65,0
F4HN90,F4HN92,ALOC240,94,0
F1HN96,F1HN98,ALOC120,6,0
F1HN104,F1HN98,ALOC120,51,0
F1HN103,F1HN99,ALOC240,51,0
F1HN92,F1HN99,ALOC240,51,0
F1HN94,F1HN95,DUMMY 1,0,0
F1HN94,F1HN96,CUCVT60,35,0
F1HN90,F1HN94,ALOC120,10,0
F1HN95,F2HN88,ALOC240,52,0
F1HN101,F1HN97,ALOC120,51,0
F1HN83,F1HN97,ALOC120,51,0
F1HN57,F1HN90,ALOC120,14,0
F1HN91,F1HN92,ALOC240,51,0
F1HN26,F1HN91,ALOC240,33,0
F1HN100,F1HN93,ALOC240,16,0
F1HN85,F1HN93,ALOC240,16,0
F12HN94,F12HN95,CUOE5,1,0
F12HN95,F12HN97,CUOE5,91,0
F12HN90,F12HN94,CUOE5,91,0
F12HN86,F12HN96,CUOC80,38,0
F12HN117,F12HN96,CUOC80,38,0
F12HN81,F12HN91,CUCVT325,25,0
F12HN77,F12HN90,CUOE5,1,0
F12HN82,F12HN93,CUOC80,25,0
F12HN111,F12HN92,CUOC80,23,0
F12HN80,F12HN92,CUOC80,15,0
F12HN87,F12HN99,CUOC80,41,0
F12HN85,F12HN98,CUOE5,91,0
F9HN94,F9HN95,ALOC240,47,0
F9HN96,F9HN97,ALOC240,48,0
F9HN93,F9HN96,ALOC240,65,0
F9HN90,F9HN92,ALOC240,94,0
F9HN84,F9HN90,ALOC240,94,0
F9HN91,F9HN98,ALOC240,2,0
F9HN91,F9HN99,ALOE32,5,0
F3HN46,F3HN47,CUOC80,55,1
F3HN47,F3HN48,CUOC80,15,1
F9HN102,F9HN98,ALOC240,46,0
F9HN103,F9HN99,ALOE32,46,0
F10HN44,F10HN45,CUCVT150,13,1
F10HN43,F10HN44,CUCVT150,13,1
F10HN45,F10HN72,CUCVT150,13,1
F10HN29,F10HN46,CUCVT150,7,1
F10HN46,F10HN49,CUCVT150,34,1
F10HN46,F10HN47,CUCVT150,7,1
F10HN47,F10HN48,CUCVT150,42,1
F10HN39,F10HN40,CUCVT150,11,1
F10HN40,F10HN41,CUCVT150,2,1
F10HN41,F10HN43,CUCVT150,13,1
F10HN42,F9HN101,CUOC60,13,1
F10HN32,F10HN42,CUOC60,13,1
F10HN48,F10HN50,CUCVT150,42,1
F5HN74,F5HN79,CUCVT325,25,0
F4HN14,F4HN15,ALOC240,65,1
F4HN15,F4HN16,ALOC240,2,1
F2HN18,F2HN19,ALOC240,65,1
F2HN17,F2HN18,ALOC240,65,1
F2HN16,F2HN17,ALOC240,62,1
F2HN15,F2HN16,ALOC240,2,1
F2HN16,F2HN77,ALOC240,16,0
F2HN14,F2HN15,ALOC240,65,1
F2HN13,F2HN14,ALOC240,65,1
F2HN12,F2HN13,ALOC240,34,1
F2HN12,F2HN74,ALOE32,12,0
F2HN11,F2HN12,ALOC240,31,1
F2HN10,F2HN11,ALOC240,64,1
F2HN10,F2HN9,ALOC240,65,1
F4HN10,F4HN11,ALOC240,64,1
F4HN11,F4HN12,ALOC240,31,1
F12HN36,F12HN37,CUOC80,0,1
F12HN35,F12HN36,CUOC80,42,1
F12HN36,F12HN49,CUOC80,41,0
F1HN76,F1HN77,ALOC240,5,1
F1HN75,F1HN76,ALOC240,12,1
F1HN77,F1HN78,ALOC240,16,1
F1HN74,F1HN75,ALOC240,4,1
F1HN73,F1HN74,ALOC240,12,1
F1HN74,F1HN85,ALOC240,13,0
F1HN72,F1HN73,ALOC240,16,1
F1HN71,F1HN72,ALOC240,16,1
F1HN69,F1HN70,ALOC240,17,1
F1HN70,F1HN71,ALOC240,16,1
F7HN102,F7HN107,ALOC240,16,0
F7HN100,F7HN102,ALOC240,17,0
F1HN78,F1HN79,ALOC240,3,1
F1HN79,F1HN80,ALOC240,13,1
F13HN2,F13HN3,CUCVT325,10,1
F13HN1,F13HN2,CUCVT500,643,1
F13HN16,F13HN2,CUCVT325,10,0
F8HN17,F8HN18,CUOC80,38,1
F2HN94,F2HN95,ALOC240,47,0
F5HN47,F5HN48,CUOC80,15,1
F13HN6,F13HN7,ALOC240,53,1
F13HN5,F13HN6,ALOC240,14,1
F17HN66,F17HN68,CUOC80,91,0
F17HN68,F17HN76,CUOC80,40,0
F13HN3,F13HN4,ALOC240,53,1
F13HN4,F13HN5,ALOC240,38,1
F2HN84,F2HN90,ALOC240,94,0
F2HN90,F2HN92,ALOC240,94,0
F5HN42,F5HN43,CUOC80,25,1
F5HN43,F5HN44,CUOC80,52,1
F18HN128,F18HN133,CUOE5,10,0
F18HN125,F18HN128,CUOE5,10,0
F18HN129,F18HN130,CUOC80,2,0
F18HN125,F18HN129,CUOC80,29,0
F5HN41,F5HN42,CUCVT200,67,1
F18HN122,F18HN123,CUOC80,41,0
F18HN122,F18HN99,CUOC80,41,0
F18HN123,F18HN135,CUOC80,41,0
F18HN120,F18HN127,CUCVT325,25,0
F18HN121,F18HN124,CUOC80,29,0
F18HN126,F18HN132,CUOE5,0,0
F13HN8,F13HN9,ALOC240,21,1
F13HN7,F13HN8,ALOC240,53,1
F18HN124,F18HN125,CUOC80,45,0
F1HN122,F1HN127,ALOC240,47,0
F1HN123,F1HN126,CUCVT60,16,0
F1HN126,F1HN129,CUCVT60,16,0
F1HN121,F1HN125,ALOC120,36,0
F1HN125,F1HN128,CUCVT325,14,0
F13HN18,F13HN9,ALOC120,48,0
F13HN10,F13HN9,ALOC240,31,1
F1HN115,F1HN123,CUCVT60,17,0
F1HN118,F1HN122,ALOC240,51,0
F1HN114,F1HN121,ALOC120,51,0
F1HN117,F1HN120,ALOC120,31,0
F5HN46,F5HN47,CUOC80,55,1
F9HN35,F9HN36,ALOC240,46,1
F1HN129,F1HN134,CUCVT60,16,0
F8HN13,F8HN14,CUOC80,7,1
F2HN91,F2HN99,ALOE32,5,0
F2HN103,F2HN99,ALOE32,46,0
F5HN44,F5HN50,CUOC80,21,0
F5HN44,F5HN45,CUOC80,40,1
F9HN38,F9HN39,ALOC240,46,1
F9HN37,F9HN38,ALOC240,37,1
F2HN93,F2HN96,ALOC240,65,0
F2HN83,F2HN93,ALOC240,65,0
F9HN39,F9HN40,ALOC240,10,1
F16HN49,F16HN55,CUCVT150,15,1
F16HN55,F16HN56,CUCVT150,27,1
F16HN101,F16HN55,CUCVT38,10,0
F16HN53,F16HN54,CUCVT150,42,1
F11HN82,F11HN83,DUMMY 1,0,1
F16HN50,F16HN51,CUCVT150,42,1
F16HN51,F16HN53,CUCVT150,42,1
F16HN48,F16HN50,CUCVT150,42,1
F16HN42,F16HN52,CUOC60,13,1
F16HN52,F17HN153,CUCVT325,25,0
F11HN89,F11HN90,CUCVT150,113,1
F14HN5,F14HN6,CUOC80,16,1
F14HN4,F14HN5,CUOC80,16,1
F16HN58,F16HN59,CUCVT150,41,1
F16HN100,F16HN58,CUCVT38,5,0
F14HN1,F2HN0,CUCVT325,180,1
F15HN20,F15HN21,CUOC80,38,1
F15HN19,F15HN20,CUOC80,39,1
F15HN27,F15HN28,CUOC80,36,1
F15HN26,F15HN27,CUOC80,36,1
F17HN76,F17HN82,CUOC80,25,0
F17HN82,F17HN93,CUOC80,25,0
F15HN25,F15HN26,CUOC80,0,1
F15HN24,F15HN25,CUOC80,38,1
F17HN157,F17HN158,CUOE5,64,0
F15HN23,F15HN24,CUOC80,38,1
F8HN10,F8HN11,CUOC80,10,1
F8HN10,F8HN9,CUOC80,38,1
F18HN140,F18HN142,CUOE5,10,0
F18HN142,F18HN145,CUOE5,65,0
F11HN62,F11HN63,CUCVT150,42,1
F11HN63,F11HN64,CUCVT150,42,1
F15HN28,F15HN29,CUOC80,17,1
F16HN109,F16HN7,CUCVT38,10,0
F12HN116,F12HN119,CUCVT325,25,0
F3HN163,F3HN164,CUOE5,6,0
F4HN100,F4HN87,ALOE32,6,0
F12HN111,F12HN112,CUOC80,15,0
F16HN1,F1HN0,CUCVT400,390,1
F12HN112,F12HN113,CUOC80,23,0
F12HN115,F12HN116,CUCVT325,25,0
F11HN64,F11HN65,CUCVT150,42,1
F15HN4,F15HN5,CUOC80,25,1
F15HN5,F15HN6,CUOC80,25,1
F15HN6,F15HN7,CUOC80,25,1
F18HN8,F18HN9,CUOC80,39,1
F18HN10,F18HN9,CUOC80,38,1
F18HN7,F18HN8,CUOC80,8,1
F18HN2,F18HN3,DUMMY 1,0,1
F18HN3,F18HN61,CUCVT325,16,0
F18HN3,F18HN4,CUOC80,25,1
F18HN1,F18HN2,CUOC80,131,1
F18HN1,F3HN0,CUCVT325,190,1
F18HN6,F18HN7,CUOC80,25,1
F18HN5,F18HN6,CUOC80,25,1
F18HN4,F18HN5,CUOC80,25,1
F11HN13,F11HN9,CUOC60,13,1
F11HN2,F11HN9,CUOC60,50,1
F11HN4,F11HN7,CUOC60,30,1
F11HN3,F11HN4,CUOC60,20,1
F11HN2,F11HN5,CUOC60,40,1
F11HN14,F11HN6,CUOC125,20,1
F11HN3,F11HN6,CUOC125,10,1
F11HN1,F11HN2,CUOC125,30,1
F11HN1,F2HN0,CUCVT400,390,1
F11HN2,F11HN3,CUOC125,50,1
F11HN10,F11HN3,CUOC60,20,1
F18HN87,F18HN99,CUOC80,41,0
F18HN85,F18HN98,CUOE5,91,0
F18HN102,F18HN98,CUOE5,0,0
F18HN82,F18HN93,CUOC80,25,0
F18HN80,F18HN92,CUOC80,15,0
F18HN105,F18HN91,CUCVT325,25,0
F18HN81,F18HN91,CUCVT325,25,0
F18HN77,F18HN90,CUOE5,1,0
F18HN90,F18HN94,CUOE5,91,0
F18HN95,F18HN97,CUOE5,91,0
F18HN86,F18HN96,CUOC80,38,0
F18HN94,F18HN95,CUOE5,1,0
F1HN87,F1HN89,CUCVT60,36,0
F1HN86,F1HN88,ALOC240,44,0
F1HN82,F1HN83,ALOC120,51,0
F1HN8,F1HN82,ALOC120,3,0
F18HN153,F1HN81,CUCVT325,25,0
F1HN80,F1HN81,ALOC240,3,1
F1HN63,F1HN87,CUCVT60,7,0
F1HN64,F1HN86,ALOC240,6,0
F1HN56,F1HN84,CUCVT60,16,0
F12HN76,F12HN82,CUOC80,25,0
F12HN76,F12HN83,CUOE5,51,0
F12HN83,F12HN85,CUOE5,1,0
F12HN73,F12HN80,CUOC80,23,0
F12HN79,F12HN81,CUCVT325,25,0
F12HN84,F12HN87,CUOC80,41,0
F12HN70,F12HN84,CUOC80,41,0
F12HN78,F12HN88,CUOC80,58,0
F12HN78,F12HN89,CUOE5,26,0
F15HN149,F15HN150,CUOC80,41,0
F15HN150,F15HN152,CUOC80,41,0
F15HN151,F15HN160,CUOE5,6,0
F15HN141,F15HN151,CUOE5,28,0
F15HN146,F15HN153,CUCVT325,25,0
F9HN76,F9HN87,ALOE32,37,0
F9HN100,F9HN87,ALOE32,6,0
F9HN75,F9HN86,ALOC240,26,0
F9HN74,F9HN85,ALOE32,65,0
F9HN79,F9HN84,ALOC240,38,0
F6HN163,F6HN164,CUOE5,6,0
F2HN91,F2HN98,ALOC240,2,0
F2HN102,F2HN98,ALOC240,46,0
F6HN162,F6HN163,CUOE5,35,0
F6HN161,F6HN162,CUOE5,6,0
F6HN160,F6HN161,CUOE5,35,0
F4HN106,F4HN108,ALOE32,22,0
F4HN108,F4HN109,ALOE32,41,0
F4HN105,F4HN106,ALOC240,23,0
F4HN103,F4HN107,ALOE32,28,0
F4HN100,F4HN104,ALOE32,44,0
F4HN102,F4HN105,ALOC240,46,0
F4HN101,F5HN153,CUCVT325,25,0
F15HN163,F15HN164,CUOE5,6,0
F10HN70,F10HN71,CUCVT150,27,1
F10HN71,F10HN74,CUCVT150,78,1
F10HN102,F10HN71,CUCVT38,30,0
F10HN69,F10HN70,CUCVT150,92,1
F10HN72,F10HN73,CUCVT150,13,1
F10HN73,F10HN75,CUCVT150,13,1
F10HN75,F10HN76,CUCVT150,13,1
F10HN67,F10HN77,CUCVT150,44,1
F10HN77,F10HN78,CUCVT150,106,1
F10HN78,F10HN79,CUCVT150,106,1
F14HN145,F14HN149,CUOE5,7,0
F14HN149,F14HN150,CUOE5,7,0
F2HN68,F2HN69,ALOC240,6,1
F2HN67,F2HN68,ALOC240,43,1
F2HN69,F2HN70,ALOC240,24,1
F2HN69,F2HN75,ALOC240,13,0
F2HN69,F2HN76,ALOE32,17,0
F2HN62,F2HN63,ALOC240,43,1
F2HN61,F2HN62,ALOC240,44,1
F2HN63,F2HN64,ALOC240,44,1
F2HN59,F2HN60,ALOC240,44,1
F2HN60,F2HN61,ALOC240,43,1
F2HN66,F2HN67,ALOC240,44,1
F2HN65,F2HN66,ALOC240,43,1
F2HN64,F2HN65,ALOC240,43,1
F18HN135,F18HN141,CUOC80,35,0
F5HN36,F5HN37,CUOC80,0,1
F5HN37,F5HN38,CUOC80,12,1
F18HN137,F18HN148,CUOC80,5,0
F18HN131,F18HN137,CUOC80,75,0
F1HN64,F1HN65,ALOC240,5,1
F1HN65,F1HN66,ALOC240,4,1
F1HN63,F1HN64,ALOC240,17,1
F1HN66,F1HN67,ALOC240,12,1
F1HN67,F1HN68,ALOC240,16,1
F1HN60,F1HN61,ALOC240,8,1
F1HN61,F1HN62,ALOC240,2,1
F1HN59,F1HN60,ALOC240,25,1
F1HN62,F1HN63,ALOC240,22,1
F8HN11,F8HN12,CUOC80,27,1
F18HN130,F18HN131,CUOC80,73,0
F8HN12,F8HN13,CUOC80,38,1
F1HN68,F1HN69,ALOC240,16,1
F8HN16,F8HN17,CUOC80,39,1
F5HN29,F5HN30,CUOC80,19,1
F5HN30,F5HN31,CUOC80,36,1
F18HN39,F18HN40,CUOC80,44,1
F18HN38,F18HN39,CUOC80,92,1
F18HN132,F18HN139,CUOE5,41,0
F13HN22,F13HN32,CUCVT60,47,0
F5HN130,F5HN131,CUOC80,73,0
F5HN131,F5HN137,CUOC80,75,0
F5HN132,F5HN139,CUOE5,41,0
F5HN126,F5HN132,CUOE5,0,0
F16HN18,F16HN19,CUOC125,42,1
F16HN19,F16HN20,CUOC125,41,1
F1HN136,F1HN137,CUCVT325,51,0
F1HN137,F1HN138,CUCVT325,18,0
F5HN130,F5HN134,CUOE5,45,0
F5HN134,F5HN136,CUOE5,24,0
F3HN111,F3HN112,CUOC80,15,0
F3HN112,F3HN113,CUOC80,23,0
F5HN135,F5HN141,CUOC80,35,0
F5HN123,F5HN135,CUOC80,41,0
F3HN113,F3HN118,CUOC80,16,0
F5HN136,F5HN143,CUOE5,50,0
F18HN127,F18HN138,CUCVT325,25,0
F18HN138,F18HN146,CUCVT325,25,0
F5HN38,F5HN39,CUOC80,92,1
F5HN39,F5HN40,CUOC80,44,1
F5HN36,F5HN49,CUOC80,41,0
F5HN35,F5HN36,CUOC80,42,1
F18HN134,F18HN136,CUOE5,24,0
F18HN130,F18HN134,CUOE5,45,0
F5HN34,F5HN35,CUOC80,38,1
F5HN33,F5HN34,CUOC80,34,1
F18HN136,F18HN143,CUOE5,50,0
F5HN31,F5HN32,CUOC80,29,1
F5HN32,F5HN33,CUOC80,7,1
F5HN32,F5HN51,CUOC80,1,0
F18HN133,F18HN140,CUOE5,64,0
F1HN134,F1HN135,CUCVT60,1,0
F1HN133,F1HN136,CUCVT325,51,0
F13HN39,F13HN47,CUCVT60,2,0
F13HN36,F13HN39,CUCVT60,34,0
F1HN124,F1HN130,ALOC240,17,0
F1HN130,F1HN131,ALOC240,0,0
F1HN131,F1HN132,ALOC240,17,0
F1HN128,F1HN133,CUCVT325,51,0
F1HN138,F1HN139,ALOC120,33,0
F1HN139,F1HN140,ALOC120,51,0
F5HN7,F5HN8,CUOC80,8,1
F5HN8,F5HN9,CUOC80,39,1
F5HN6,F5HN7,CUOC80,25,1
F5HN5,F5HN6,CUOC80,25,1
F5HN4,F5HN5,CUOC80,25,1
F5HN3,F5HN4,CUOC80,25,1
F5HN2,F5HN3,DUMMY 1,0,1
F5HN1,F5HN2,CUOC80,131,1
F5HN3,F5HN61,CUCVT325,16,0
F2HN0,F5HN1,CUCVT325,190,1
F13HN45,F13HN46,CUCVT60,53,0
F13HN46,F13HN50,CUCVT60,1,0
F13HN42,F13HN45,CUCVT60,5,0
F13HN33,F13HN44,ALOC120,34,0
F13HN44,F13HN48,CUCVT60,28,0
F13HN43,F13HN49,CUCVT60,25,0
F13HN34,F13HN43,ALOC240,49,0
F13HN40,F13HN42,CUCVT60,47,0
F13HN34,F13HN41,CUCVT60,31,0
F13HN35,F13HN40,CUCVT60,2,0
F13HN49,F13HN51,CUCVT60,15,0
F13HN48,F13HN52,CUCVT60,3,0
F9HN10,F9HN9,ALOC240,65,1
F15HN147,F15HN156,CUOE5,65,0
F16HN32,F16HN42,CUOC60,13,1
F16HN41,F16HN43,CUCVT150,13,1
F16HN43,F16HN44,CUCVT150,13,1
F16HN40,F16HN41,CUCVT150,2,1
F16HN40,F16HN97,CUCVT22,0,0
F16HN39,F16HN40,CUCVT150,11,1
F16HN46,F16HN49,CUCVT150,34,1
F16HN46,F16HN47,CUCVT150,7,1
F16HN29,F16HN46,CUCVT150,7,1
F16HN47,F16HN48,CUCVT150,42,1
F11HN97,F11HN98,CUCVT22,13,0
F11HN38,F11HN96,CUCVT60,3,0
F11HN92,F11HN93,CUCVT150,13,1
F3HN100,F3HN97,CUOE5,1,0
F3HN95,F3HN97,CUOE5,91,0
F3HN94,F3HN95,CUOE5,1,0
F6HN104,F6HN88,CUOC80,17,0
F6HN78,F6HN88,CUOC80,58,0
F6HN78,F6HN89,CUOE5,26,0
F6HN84,F6HN87,CUOC80,41,0
F6HN70,F6HN84,CUOC80,41,0
F6HN85,F6HN98,CUOE5,91,0
F6HN83,F6HN85,CUOE5,1,0
F6HN86,F6HN96,CUOC80,38,0
F6HN69,F6HN86,CUOC80,39,0
F6HN87,F6HN99,CUOC80,41,0
F6HN80,F6HN92,CUOC80,15,0
F6HN73,F6HN80,CUOC80,23,0
F6HN81,F6HN91,CUCVT325,25,0
F6HN79,F6HN81,CUCVT325,25,0
F6HN82,F6HN93,CUOC80,25,0
F6HN76,F6HN82,CUOC80,25,0
F6HN76,F6HN83,CUOE5,51,0
F9HN108,F9HN109,ALOE32,41,0
F9HN106,F9HN108,ALOE32,22,0
F8HN128,F8HN133,CUOE5,10,0
F8HN125,F8HN128,CUOE5,10,0
F9HN100,F9HN104,ALOE32,44,0
F9HN103,F9HN107,ALOE32,28,0
F9HN102,F9HN105,ALOC240,46,0
F9HN105,F9HN106,ALOC240,23,0
F6HN66,F6HN77,CUOE5,89,0
F6HN53,F6HN66,CUOC80,4,0
F6HN66,F6HN68,CUOC80,91,0
F6HN49,F6HN67,CUOC80,25,0
F6HN67,F6HN78,CUOC80,6,0
F6HN11,F6HN64,CUOC80,7,0
F6HN64,F6HN73,CUOC80,15,0
F6HN58,F6HN65,CUOE5,7,0
F6HN57,F6HN62,CUOC80,38,0
F6HN62,F6HN69,CUOC80,38,0
F6HN54,F6HN63,CUOC80,41,0
F6HN63,F6HN70,CUOC80,41,0
F6HN60,F6HN71,CUOC80,39,0
F6HN59,F6HN60,CUOC80,38,0
F6HN3,F6HN61,CUCVT325,16,0
F6HN61,F6HN72,CUCVT325,25,0
F6HN68,F6HN76,CUOC80,40,0
F12HN163,F12HN164,CUOE5,6,0
F12HN151,F12HN160,CUOE5,6,0
F12HN160,F12HN161,CUOE5,35,0
F12HN161,F12HN162,CUOE5,6,0
F12HN162,F12HN163,CUOE5,35,0
F8HN115,F8HN116,CUCVT325,25,0
F8HN110,F8HN115,CUCVT325,25,0
F18HN78,F18HN88,CUOC80,58,0
F18HN78,F18HN89,CUOE5,26,0
F18HN73,F18HN80,CUOC80,23,0
F18HN79,F18HN81,CUCVT325,25,0
F18HN76,F18HN82,CUOC80,25,0
F8HN111,F8HN112,CUOC80,15,0
F8HN112,F8HN113,CUOC80,23,0
F18HN70,F18HN84,CUOC80,41,0
F18HN84,F18HN87,CUOC80,41,0
F18HN83,F18HN85,CUOE5,1,0
F18HN69,F18HN86,CUOC80,39,0
F12HN74,F12HN79,CUCVT325,25,0
F12HN67,F12HN78,CUOC80,6,0
F12HN66,F12HN77,CUOE5,89,0
F12HN68,F12HN76,CUOC80,40,0
F12HN71,F12HN75,CUOC80,32,0
F12HN72,F12HN74,CUCVT325,25,0
F12HN64,F12HN73,CUOC80,15,0
F12HN61,F12HN72,CUCVT325,25,0
F12HN60,F12HN71,CUOC80,39,0
F12HN63,F12HN70,CUOC80,41,0
F15HN143,F15HN144,CUOE5,24,0
F15HN140,F15HN142,CUOE5,10,0
F15HN142,F15HN145,CUOE5,65,0
F15HN141,F15HN149,CUOC80,5,0
F15HN135,F15HN141,CUOC80,35,0
F6HN113,F6HN118,CUOC80,16,0
F15HN145,F15HN147,CUOE5,10,0
F15HN138,F15HN146,CUCVT325,25,0
F9HN31,F9HN78,ALOC240,19,0
F9HN69,F9HN76,ALOE32,17,0
F9HN16,F9HN77,ALOC240,16,0
F15HN137,F15HN148,CUOC80,5,0
F9HN31,F9HN72,ALOC240,35,0
F9HN56,F9HN73,ALOE32,2,0
F9HN69,F9HN70,ALOC240,24,1
F10HN7,F9HN70,CUCVT150,280,1
F9HN49,F9HN71,ALOC240,54,0
F9HN20,F9HN21,ALOC240,65,1
F9HN21,F9HN22,ALOC240,61,1
F10HN67,F10HN68,CUCVT150,106,1
F10HN68,F10HN69,CUCVT150,13,1
F10HN105,F10HN69,CUCVT60,10,0
F10HN66,F10HN67,DUMMY 1,0,1
F10HN65,F10HN66,CUCVT150,6,1
F10HN64,F10HN65,CUCVT150,42,1
F10HN63,F10HN64,CUCVT150,42,1
F10HN62,F10HN63,CUCVT150,42,1
F10HN61,F10HN62,CUCVT150,6,1
F10HN60,F10HN61,CUCVT150,35,1
F2HN79,F2HN84,ALOC240,38,0
F2HN42,F2HN79,ALOC240,0,0
F2HN78,F2HN89,ALOC240,46,0
F2HN49,F2HN71,ALOC240,54,0
F2HN73,F2HN82,ALOE32,18,0
F2HN56,F2HN73,ALOE32,2,0
F2HN72,F2HN81,ALOC240,46,0
F2HN75,F2HN86,ALOC240,26,0
F2HN74,F2HN85,ALOE32,65,0
F2HN77,F2HN88,ALOC240,65,0
F2HN76,F2HN87,ALOE32,37,0
F8HN24,F8HN25,CUOC80,38,1
F8HN23,F8HN24,CUOC80,38,1
F8HN25,F8HN26,CUOC80,0,1
F8HN26,F8HN27,CUOC80,36,1
F8HN27,F8HN28,CUOC80,36,1
F8HN20,F8HN21,CUOC80,38,1
F8HN21,F8HN22,CUOC80,24,1
F8HN22,F8HN23,CUOC80,14,1
F8HN28,F8HN29,CUOC80,17,1
F8HN29,F8HN30,CUOC80,19,1
F1HN50,F1HN51,ALOC240,17,1
F1HN49,F1HN50,ALOC240,25,1
F1HN51,F1HN52,ALOC240,8,1
F1HN52,F1HN53,ALOC240,25,1
F1HN53,F1HN54,ALOC240,26,1
F1HN54,F1HN55,ALOC240,7,1
F1HN55,F1HN56,ALOC240,8,1
F1HN56,F1HN57,ALOC240,17,1
F1HN57,F1HN58,ALOC240,18,1
F1HN58,F1HN59,ALOC240,15,1
F9HN23,F9HN24,ALOC240,65,1
F9HN24,F9HN25,ALOC240,60,1
F5HN117,F5HN121,CUOC80,39,0
F5HN117,F5HN96,CUOC80,38,0
F5HN28,F5HN29,CUOC80,17,1
F5HN27,F5HN28,CUOC80,36,1
F5HN24,F5HN25,CUOC80,38,1
F5HN25,F5HN26,CUOC80,0,1
F5HN23,F5HN24,CUOC80,38,1
F5HN26,F5HN27,CUOC80,36,1
F5HN20,F5HN21,CUOC80,38,1
F5HN21,F5HN22,CUOC80,24,1
F5HN19,F5HN20,CUOC80,39,1
F5HN22,F5HN23,CUOC80,14,1
F5HN22,F5HN56,CUOC80,37,0
F1HN101,F1HN106,ALOC120,51,0
F1HN100,F1HN102,ALOC240,17,0
F1HN103,F1HN108,ALOC240,51,0
F1HN102,F1HN107,ALOC240,16,0
F1HN104,F1HN105,ALOC120,1,0
F1HN106,F1HN109,ALOC120,51,0
F1HN109,F1HN114,ALOC120,51,0
F15HN85,F15HN98,CUOE5,91,0
F15HN83,F15HN85,CUOE5,1,0
F15HN84,F15HN87,CUOC80,41,0
F15HN70,F15HN84,CUOC80,41,0
F15HN87,F15HN99,CUOC80,41,0
F15HN86,F15HN96,CUOC80,38,0
F15HN69,F15HN86,CUOC80,39,0
F15HN81,F15HN91,CUCVT325,25,0
F15HN79,F15HN81,CUCVT325,25,0
F15HN80,F15HN92,CUOC80,15,0
F15HN73,F15HN80,CUOC80,23,0
F15HN76,F15HN83,CUOE5,51,0
F15HN82,F15HN93,CUOC80,25,0
F15HN76,F15HN82,CUOC80,25,0
F1HN146,F1HN147,ALOC120,51,0
F1HN147,F1HN148,ALOC120,51,0
F2HN96,F2HN97,ALOC240,48,0
F15HN103,F15HN89,CUOE5,33,0
F15HN78,F15HN89,CUOE5,26,0
F15HN104,F15HN88,CUOC80,17,0
F15HN78,F15HN88,CUOC80,58,0
F7HN16,F7HN17,ALOC240,51,1
F7HN15,F7HN16,ALOC240,51,1
F7HN17,F7HN18,ALOC240,51,1
F7HN14,F7HN15,ALOC240,51,1
F7HN13,F7HN14,ALOC240,51,1
F7HN12,F7HN13,ALOC240,51,1
F7HN11,F7HN12,ALOC240,51,1
F7HN10,F7HN11,ALOC240,51,1
F7HN18,F7HN19,ALOC240,51,1
F7HN19,F7HN20,ALOC240,51,1
F17HN42,F17HN43,CUOC80,25,1
F17HN43,F17HN44,CUOC80,52,1
F7HN41,F7HN42,ALOC240,51,1
F7HN42,F7HN43,ALOC240,51,1
F5HN59,F5HN60,CUOC80,38,0
F5HN54,F5HN63,CUOC80,41,0
F5HN63,F5HN70,CUOC80,41,0
F13HN53,F13HN54,CUCVT60,50,0
F5HN62,F5HN69,CUOC80,38,0
F5HN57,F5HN62,CUOC80,38,0
F13HN51,F13HN53,CUCVT60,40,0
F17HN47,F17HN48,CUOC80,15,1
F17HN46,F17HN47,CUOC80,55,1
F5HN11,F5HN64,CUOC80,7,0
F6HN123,F6HN135,CUOC80,41,0
F5HN67,F5HN78,CUOC80,6,0
F5HN49,F5HN67,CUOC80,25,0
F6HN134,F6HN136,CUOE5,24,0
F6HN130,F6HN134,CUOE5,45,0
F17HN44,F17HN50,CUOC80,21,0
F17HN44,F17HN45,CUOC80,40,1
F3HN78,F3HN89,CUOE5,26,0
F3HN103,F3HN89,CUOE5,33,0
F3HN78,F3HN88,CUOC80,58,0
F3HN104,F3HN88,CUOC80,17,0
F3HN79,F3HN81,CUCVT325,25,0
F3HN80,F3HN92,CUOC80,15,0
F3HN83,F3HN85,CUOE5,1,0
F3HN76,F3HN83,CUOE5,51,0
F3HN82,F3HN93,CUOC80,25,0
F3HN76,F3HN82,CUOC80,25,0
F3HN85,F3HN98,CUOE5,91,0
F3HN102,F3HN98,CUOE5,0,0
F3HN87,F3HN99,CUOC80,41,0
F3HN84,F3HN87,CUOC80,41,0
F3HN86,F3HN96,CUOC80,38,0
F3HN69,F3HN86,CUOC80,39,0
F15HN160,F15HN161,CUOE5,35,0
F15HN161,F15HN162,CUOE5,6,0
F3HN122,F3HN99,CUOC80,41,0
F12HN44,F12HN50,CUOC80,21,0
F12HN53,F12HN66,CUOC80,4,0
F6HN122,F6HN99,CUOC80,41,0
F16HN44,F16HN45,CUCVT150,13,1
F6HN101,F6HN93,CUOC80,67,0
F12HN55,F12HN59,CUOC80,39,0
F12HN14,F12HN55,CUOC80,9,0
F6HN95,F6HN97,CUOE5,91,0
F6HN117,F6HN96,CUOC80,38,0
F6HN94,F6HN95,CUOE5,1,0
F12HN51,F12HN54,CUOC80,37,0
F12HN54,F12HN63,CUOC80,41,0
F3HN111,F3HN92,CUOC80,23,0
F3HN101,F3HN93,CUOC80,67,0
F3HN90,F3HN94,CUOE5,91,0
F6HN71,F6HN75,CUOC80,32,0
F6HN74,F6HN79,CUCVT325,25,0
F6HN72,F6HN74,CUCVT325,25,0
F6HN77,F6HN90,CUOE5,1,0
F11HN14,F11HN95,CUCVT60,7,0
F3HN117,F3HN96,CUOC80,38,0
F10HN28,F11HN93,CUCVT150,12,1
F2HN6,F2HN7,ALOC240,64,1
F2HN7,F2HN8,ALOC240,65,1
F2HN5,F2HN6,ALOC240,64,1
F2HN4,F2HN5,ALOC240,65,1
F3HN100,F3HN108,CUOE5,0,0
F2HN3,F2HN4,ALOC240,41,1
F2HN2,F2HN3,ALOC240,24,1
F2HN1,F2HN2,CUCVT325,52,1
F2HN0,F2HN1,CUCVT500,349,1
F2HN0,F8HN1,CUCVT325,190,1
F17HN1,F2HN0,CUCVT325,190,1
F3HN102,F3HN109,CUOE5,91,0
F3HN107,F3HN110,CUCVT325,25,0
F3HN106,F3HN107,CUCVT325,25,0
F3HN105,F3HN106,CUCVT325,25,0
F2HN8,F2HN9,ALOC240,64,1
F10HN2,F10HN3,CUOC125,50,1
F10HN10,F10HN3,CUOC60,20,1
F10HN3,F10HN6,CUOC125,10,1
F10HN3,F10HN4,CUOC60,20,1
F10HN2,F10HN9,CUOC60,50,1
F10HN1,F10HN2,CUOC125,30,1
F10HN2,F10HN5,CUOC60,40,1
F10HN1,F1HN0,CUCVT400,390,1
F10HN109,F10HN7,CUCVT38,10,0
F10HN4,F10HN7,CUOC60,30,1
F10HN14,F10HN6,CUOC125,20,1
F10HN112,F10HN5,CUCVT38,10,0
F10HN108,F10HN4,CUCVT60,20,0
F10HN13,F10HN9,CUOC60,13,1
F2HN89,F2HN94,ALOC240,46,0
F3HN11,F3HN64,CUOC80,7,0
F12HN66,F12HN68,CUOC80,91,0
F12HN11,F12HN64,CUOC80,7,0
F12HN58,F12HN65,CUOE5,7,0
F12HN49,F12HN67,CUOC80,25,0
F12HN59,F12HN60,CUOC80,38,0
F12HN3,F12HN61,CUCVT325,16,0
F12HN57,F12HN62,CUOC80,38,0
F6HN109,F6HN114,CUOE5,1,0
F6HN111,F6HN112,CUOC80,15,0
F6HN111,F6HN92,CUOC80,23,0
F9HN69,F9HN75,ALOC240,13,0
F9HN68,F9HN69,ALOC240,6,1
F9HN67,F9HN68,ALOC240,43,1
F9HN65,F9HN66,ALOC240,43,1
F9HN66,F9HN67,ALOC240,44,1
F9HN59,F9HN60,ALOC240,44,1
F9HN62,F9HN63,ALOC240,43,1
F6HN110,F6HN115,CUCVT325,25,0
F10HN19,F10HN20,CUOC125,41,1
F10HN18,F10HN19,CUOC125,42,1
F10HN15,F10HN18,CUOC125,2,1
F10HN13,F10HN30,CUOC60,13,1
F10HN11,F10HN12,CUOC60,30,1
F10HN11,F10HN114,CUOC60,50,0
F10HN10,F10HN11,CUOC60,30,1
F10HN10,F10HN113,CUCVT60,50,0
F10HN16,F10HN17,CUOC125,4,1
F10HN111,F10HN17,CUCVT38,30,0
F10HN15,F10HN16,CUOC125,15,1
F10HN14,F10HN15,CUOC125,20,1
F17HN19,F17HN20,CUOC80,39,1
F8HN32,F8HN33,CUOC80,7,1
F8HN33,F8HN34,CUOC80,34,1
F8HN31,F8HN32,CUOC80,29,1
F8HN32,F8HN51,CUOC80,1,0
F8HN30,F8HN31,CUOC80,36,1
F8HN37,F8HN38,CUOC80,12,1
F8HN36,F8HN37,CUOC80,0,1
F8HN35,F8HN36,CUOC80,42,1
F8HN34,F8HN35,CUOC80,38,1
F8HN38,F8HN39,CUOC80,92,1
F1HN48,F1HN49,ALOC240,51,1
F10HN106,F10HN25,CUCVT60,10,0
F10HN100,F10HN107,CUCVT38,24,0
F5HN90,F5HN94,CUOE5,91,0
F5HN94,F5HN95,CUOE5,1,0
F5HN95,F5HN97,CUOE5,91,0
F5HN18,F5HN19,CUOC80,0,1
F2HN46,F2HN47,ALOC240,72,1
F2HN47,F2HN48,ALOC240,72,1
F2HN40,F2HN41,ALOC240,41,1
F2HN41,F2HN42,ALOC240,54,1
F2HN42,F2HN43,ALOC240,94,1
F2HN43,F2HN44,ALOC240,94,1
F17HN14,F17HN55,CUOC80,9,0
F17HN13,F17HN14,CUOC80,7,1
F17HN16,F17HN17,CUOC80,39,1
F5HN13,F5HN14,CUOC80,7,1
F5HN14,F5HN55,CUOC80,9,0
F17HN11,F17HN64,CUOC80,7,0
F17HN11,F17HN12,CUOC80,27,1
F17HN12,F17HN13,CUOC80,38,1
F1HN116,F1HN118,ALOC240,19,0
F1HN119,F1HN124,ALOC240,7,0
F1HN116,F1HN117,ALOC120,44,0
F8HN151,F8HN160,CUOE5,6,0
F8HN160,F8HN161,CUOE5,35,0
F8HN161,F8HN162,CUOE5,6,0
F8HN162,F8HN163,CUOE5,35,0
F15HN111,F15HN92,CUOC80,23,0
F15HN101,F15HN93,CUOC80,67,0
F15HN77,F15HN90,CUOE5,1,0
F15HN90,F15HN94,CUOE5,91,0
F15HN105,F15HN91,CUCVT325,25,0
F15HN117,F15HN96,CUOC80,38,0
F15HN100,F15HN97,CUOE5,1,0
F15HN95,F15HN97,CUOE5,91,0
F15HN94,F15HN95,CUOE5,1,0
F15HN102,F15HN98,CUOE5,0,0
F15HN122,F15HN99,CUOC80,41,0
F16HN36,F16HN37,CUOC60,13,1
F16HN37,F16HN38,CUOC60,10,1
F16HN35,F16HN36,CUOC60,13,1
F16HN31,F16HN35,CUOC60,1,1
F16HN34,F16HN39,CUCVT150,13,1
F16HN31,F16HN32,CUOC60,12,1
F5HN156,F5HN157,CUOE5,10,0
F16HN30,F16HN31,CUOC60,12,1
F5HN157,F5HN158,CUOE5,64,0
F17HN130,F17HN131,CUOC80,73,0
F17HN129,F17HN130,CUOC80,2,0
F17HN130,F17HN134,CUOE5,45,0
F17HN131,F17HN137,CUOC80,75,0
F17HN132,F17HN139,CUOE5,41,0
F17HN126,F17HN132,CUOE5,0,0
F17HN128,F17HN133,CUOE5,10,0
F17HN134,F17HN136,CUOE5,24,0
F17HN123,F17HN135,CUOC80,41,0
F17HN138,F17HN146,CUCVT325,25,0
F17HN127,F17HN138,CUCVT325,25,0
F5HN163,F5HN164,CUOE5,6,0
F5HN162,F5HN163,CUOE5,35,0
F5HN161,F5HN162,CUOE5,6,0
F5HN160,F5HN161,CUOE5,35,0
F5HN151,F5HN160,CUOE5,6,0
F17HN5,F17HN6,CUOC80,25,1
F17HN4,F17HN5,CUOC80,25,1
F17HN8,F17HN9,CUOC80,39,1
F8HN1,F8HN2,CUOC80,131,1
F8HN2,F8HN3,DUMMY 1,0,1
F8HN3,F8HN4,CUOC80,25,1
F8HN4,F8HN5,CUOC80,25,1
F8HN5,F8HN6,CUOC80,25,1
F8HN7,F8HN8,CUOC80,8,1
F8HN6,F8HN7,CUOC80,25,1
F8HN8,F8HN9,CUOC80,39,1
F16HN38,F16HN96,CUCVT60,3,0
F17HN107,F17HN110,CUCVT325,25,0
F17HN106,F17HN107,CUCVT325,25,0
F17HN3,F17HN4,CUOC80,25,1
F6HN39,F6HN40,CUOC80,44,1
F6HN40,F6HN41,CUCVT200,47,1
F6HN41,F6HN42,CUCVT200,67,1
F6HN42,F6HN43,CUOC80,25,1
F6HN43,F6HN44,CUOC80,52,1
F6HN44,F6HN45,CUOC80,40,1
F6HN44,F6HN50,CUOC80,21,0
F6HN45,F6HN46,CUOC80,37,1
F6HN46,F6HN47,CUOC80,55,1
F6HN47,F6HN48,CUOC80,15,1
F6HN49,F6HN58,CUOE5,51,0
F6HN36,F6HN49,CUOC80,41,0
F12HN143,F12HN144,CUOE5,24,0
F12HN140,F12HN142,CUOE5,10,0
F12HN141,F12HN149,CUOC80,5,0
F12HN141,F12HN151,CUOE5,28,0
F12HN146,F12HN153,CUCVT325,25,0
F12HN147,F12HN156,CUOE5,65,0
F12HN145,F12HN147,CUOE5,10,0
F12HN144,F12HN155,CUOE5,30,0
F12HN142,F12HN145,CUOE5,65,0
F3HN110,F3HN115,CUCVT325,25,0
F12HN148,F12HN154,CUOC80,12,0
F12HN149,F12HN150,CUOC80,41,0
F3HN109,F3HN114,CUOE5,1,0
F3HN114,F3HN126,CUOE5,91,0
F3HN115,F3HN116,CUCVT325,25,0
F3HN116,F3HN119,CUCVT325,25,0
F3HN117,F3HN121,CUOC80,39,0
F2HN106,F2HN108,ALOE32,22,0
F2HN108,F2HN109,ALOE32,41,0
F2HN100,F2HN104,ALOE32,44,0
F2HN105,F2HN106,ALOC240,23,0
F2HN102,F2HN105,ALOC240,46,0
F2HN103,F2HN107,ALOE32,28,0
F2HN100,F2HN87,ALOE32,6,0
F15HN29,F15HN30,CUOC80,19,1
F12HN49,F12HN58,CUOE5,51,0
F6HN131,F6HN137,CUOC80,75,0
F6HN130,F6HN131,CUOC80,73,0
F6HN129,F6HN130,CUOC80,2,0
F6HN128,F6HN133,CUOE5,10,0
F6HN132,F6HN139,CUOE5,41,0
F12HN32,F12HN51,CUOC80,1,0
F15HN162,F15HN163,CUOE5,35,0
F12HN56,F12HN57,CUOC80,39,0
F12HN22,F12HN56,CUOC80,37,0
F9HN58,F9HN59,ALOC240,43,1
F9HN57,F9HN58,ALOC240,43,1
F1HN143,F1HN144,ALOC120,51,0
F9HN50,F9HN51,ALOC240,72,1
F9HN49,F9HN50,ALOC240,18,1
F9HN51,F9HN52,ALOC240,72,1
F9HN52,F9HN53,ALOC240,72,1
F9HN53,F9HN54,ALOC240,72,1
F9HN54,F9HN55,ALOC240,72,1
F9HN55,F9HN56,ALOC240,23,1
F9HN56,F9HN57,ALOC240,46,1
F15HN32,F15HN33,CUOC80,7,1
F15HN32,F15HN51,CUOC80,1,0
F1HN140,F1HN141,ALOC120,51,0
F1HN141,F1HN142,ALOC120,51,0
F8HN136,F8HN143,CUOE5,50,0
F8HN134,F8HN136,CUOE5,24,0
F1HN142,F1HN143,ALOC120,51,0
F4HN47,F4HN48,ALOC240,72,1
F4HN46,F4HN47,ALOC240,72,1
F5HN100,F5HN97,CUOE5,1,0
F15HN33,F15HN34,CUOC80,34,1
F14HN17,F14HN18,CUOC80,28,1
F14HN18,F14HN19,CUOC80,28,1
F14HN16,F14HN17,CUOC80,10,1
F14HN15,F14HN16,CUCVT150,18,1
F1HN29,F1HN30,ALOC240,51,1
F1HN30,F1HN31,ALOC240,51,1
F1HN31,F1HN32,ALOC240,51,1
F14HN13,F14HN14,CUCVT150,28,1
F14HN12,F14HN13,CUOC80,0,1
F1HN37,F1HN38,ALOC240,51,1
F1HN38,F1HN39,ALOC240,51,1
F14HN19,F14HN20,CUOC80,28,1
F10HN116,F10HN118,CUCVT22,1,0
F10HN115,F10HN117,CUCVT60,13,0
F14HN11,F14HN22,CUOC80,14,1
F14HN104,F14HN11,CUOC80,9,0
F14HN11,F14HN12,CUOC80,7,1
F14HN10,F14HN11,CUOC80,8,1
F14HN100,F14HN101,CUCVT150,8,1
F14HN101,F14HN102,CUCVT150,8,1
F14HN102,F14HN103,CUCVT150,5,1
F14HN104,F14HN112,CUOC80,15,0
F14HN105,F14HN109,CUOC80,8,0
F14HN105,F14HN37,CUOC80,0,0
F14HN106,F14HN113,CUOE5,7,0
F14HN107,F14HN111,CUOC80,28,0
F14HN107,F14HN21,CUOC80,8,0
F14HN108,F14HN110,CUOC80,8,0
F14HN109,F14HN114,CUOC80,7,0
F15HN37,F15HN38,CUOC80,12,1
F17HN28,F17HN29,CUOC80,17,1
F17HN29,F17HN30,CUOC80,19,1
F17HN27,F17HN28,CUOC80,36,1
F2HN51,F2HN52,ALOC240,72,1
F2HN50,F2HN51,ALOC240,72,1
F2HN49,F2HN50,ALOC240,18,1
F2HN57,F2HN58,ALOC240,43,1
F2HN56,F2HN57,ALOC240,46,1
F2HN55,F2HN56,ALOC240,23,1
F2HN54,F2HN55,ALOC240,72,1
F2HN53,F2HN54,ALOC240,72,1
F17HN20,F17HN21,CUOC80,38,1
F17HN21,F17HN22,CUOC80,24,1
F2HN58,F2HN59,ALOC240,43,1
F17HN22,F17HN23,CUOC80,14,1
F17HN22,F17HN56,CUOC80,37,0
F17HN24,F17HN25,CUOC80,38,1
F17HN25,F17HN26,CUOC80,0,1
F17HN23,F17HN24,CUOC80,38,1
F17HN26,F17HN27,CUOC80,36,1
F8HN157,F8HN158,CUOE5,64,0
F9HN43,F9HN44,ALOC240,94,1
F9HN42,F9HN43,ALOC240,94,1
F8HN141,F8HN151,CUOE5,28,0
F1HN161,F1HN162,ALOC120,51,0
F8HN146,F8HN153,CUCVT325,25,0
F7HN81,F8HN153,CUCVT325,25,0
F1HN160,F1HN161,ALOC120,51,0
F8HN144,F8HN155,CUOE5,30,0
F8HN156,F8HN157,CUOE5,10,0
F8HN147,F8HN156,CUOE5,65,0
F15HN62,F15HN69,CUOC80,38,0
F15HN66,F15HN68,CUOC80,91,0
F15HN68,F15HN76,CUOC80,40,0
F15HN49,F15HN67,CUOC80,25,0
F15HN67,F15HN78,CUOC80,6,0
F15HN66,F15HN77,CUOE5,89,0
F15HN53,F15HN66,CUOC80,4,0
F15HN58,F15HN65,CUOE5,7,0
F15HN64,F15HN73,CUOC80,15,0
F15HN54,F15HN63,CUOC80,41,0
F15HN63,F15HN70,CUOC80,41,0
F15HN57,F15HN62,CUOC80,38,0
F15HN61,F15HN72,CUCVT325,25,0
F15HN60,F15HN71,CUOC80,39,0
F15HN59,F15HN60,CUOC80,38,0
F7HN30,F7HN31,ALOC240,51,1
F7HN29,F7HN30,ALOC240,51,1
F7HN31,F7HN32,ALOC240,51,1
F7HN32,F7HN33,ALOC240,51,1
F7HN33,F7HN34,ALOC240,51,1
F7HN34,F7HN35,ALOC240,51,1
F7HN35,F7HN36,ALOC240,51,1
F7HN36,F7HN37,ALOC240,51,1
F7HN37,F7HN38,ALOC240,51,1
F7HN38,F7HN39,ALOC240,51,1
F7HN39,F7HN40,ALOC240,51,1
F17HN122,F17HN123,CUOC80,41,0
F17HN122,F17HN99,CUOC80,41,0
F17HN117,F17HN121,CUOC80,39,0
F17HN121,F17HN124,CUOC80,29,0
F17HN120,F17HN127,CUCVT325,25,0
F17HN119,F17HN120,CUCVT325,25,0
F2HN28,F2HN29,ALOC240,46,1
F17HN125,F17HN129,CUOC80,29,0
F17HN125,F17HN128,CUOE5,10,0
F17HN124,F17HN125,CUOC80,45,0
F18HN76,F18HN83,CUOE5,51,0
F16HN116,F16HN98,CUCVT22,13,0
F16HN97,F16HN98,CUCVT22,13,0
F9HN8,F9HN9,ALOC240,64,1
F9HN7,F9HN8,ALOC240,65,1
F16HN89,F16HN90,CUCVT150,113,1
F16HN92,F16HN93,CUCVT150,13,1
F16HN93,F16HN94,CUCVT150,12,1
F16HN110,F16HN95,CUCVT60,42,0
F9HN5,F9HN6,ALOC240,64,1
F9HN4,F9HN5,ALOC240,65,1
F3HN124,F3HN125,CUOC80,45,0
F3HN125,F3HN129,CUOC80,29,0
F3HN125,F3HN128,CUOE5,10,0
F3HN121,F3HN124,CUOC80,29,0
F3HN127,F3HN138,CUCVT325,25,0
F3HN120,F3HN127,CUCVT325,25,0
F3HN126,F3HN132,CUOE5,0,0
F3HN119,F3HN120,CUCVT325,25,0
F6HN55,F6HN59,CUOC80,39,0
F3HN122,F3HN123,CUOC80,41,0
F6HN56,F6HN57,CUOC80,39,0
F6HN22,F6HN56,CUOC80,37,0
F6HN14,F6HN55,CUOC80,9,0
F6HN51,F6HN54,CUOC80,37,0
F6HN52,F6HN53,CUOC80,92,0
F3HN128,F3HN133,CUOE5,10,0
F6HN32,F6HN51,CUOC80,1,0
F6HN50,F6HN52,CUOC80,92,0
F12HN152,F12HN154,CUOC80,41,0
F12HN156,F12HN157,CUOE5,10,0
F12HN157,F12HN158,CUOE5,64,0
F12HN150,F12HN152,CUOC80,41,0
F11HN12,F12HN153,CUCVT325,25,0
F7HN80,F7HN81,ALOC240,3,1
F7HN79,F7HN80,ALOC240,13,1
F2HN52,F2HN53,ALOC240,72,1
F18HN55,F18HN59,CUOC80,39,0
F18HN59,F18HN60,CUOC80,38,0
F14HN84,F14HN85,CUOC80,8,1
F18HN56,F18HN57,CUOC80,39,0
F18HN57,F18HN62,CUOC80,38,0
F18HN14,F18HN55,CUOC80,9,0
F18HN54,F18HN63,CUOC80,41,0
F18HN51,F18HN54,CUOC80,37,0
F18HN53,F18HN66,CUOC80,4,0
F18HN52,F18HN53,CUOC80,92,0
F18HN50,F18HN52,CUOC80,92,0
F18HN44,F18HN50,CUOC80,21,0
F1HN2,F1HN3,ALOC240,51,1
F1HN1,F1HN2,CUCVT500,57,1
F1HN3,F1HN4,ALOC240,51,1
F13HN1,F1HN0,CUCVT325,50,1
F1HN0,F1HN1,CUCVT325,108,1
F1HN6,F1HN7,ALOC240,51,1
F1HN5,F1HN6,ALOC240,51,1
F1HN7,F1HN8,ALOC240,39,1
F1HN4,F1HN5,ALOC240,51,1
F14HN170,F14HN171,CUOE5,5,0
F1HN8,F1HN9,ALOC240,11,1
F1HN10,F1HN9,ALOC240,51,1
F12HN46,F12HN47,CUOC80,55,1
F12HN45,F12HN46,CUOC80,37,1
F12HN47,F12HN48,CUOC80,15,1
F12HN44,F12HN45,CUOC80,40,1
F12HN43,F12HN44,CUOC80,52,1
F12HN42,F12HN43,CUOC80,25,1
F12HN41,F12HN42,CUCVT200,67,1
F14HN82,F14HN83,CUOC80,8,1
F12HN39,F12HN40,CUOC80,44,1
F12HN40,F12HN41,CUCVT200,47,1
F14HN83,F14HN84,CUOC80,8,1
F6HN119,F6HN120,CUCVT325,25,0
F6HN116,F6HN119,CUCVT325,25,0
F6HN122,F6HN123,CUOC80,41,0
F9HN46,F9HN47,ALOC240,72,1
F9HN45,F9HN46,ALOC240,55,1
F15HN133,F15HN140,CUOE5,64,0
F15HN113,F15HN118,CUOC80,16,0
F9HN41,F9HN42,ALOC240,54,1
F9HN42,F9HN79,ALOC240,0,0
F9HN40,F9HN41,ALOC240,41,1
F6HN125,F6HN128,CUOE5,10,0
F6HN125,F6HN129,CUOC80,29,0
F6HN124,F6HN125,CUOC80,45,0
F15HN114,F15HN126,CUOE5,91,0
F15HN109,F15HN114,CUOE5,1,0
F15HN115,F15HN116,CUCVT325,25,0
F15HN110,F15HN115,CUCVT325,25,0
F15HN116,F15HN119,CUCVT325,25,0
F15HN117,F15HN121,CUOC80,39,0
F15HN107,F15HN110,CUCVT325,25,0
F9HN48,F9HN49,ALOC240,53,1
F15HN112,F15HN113,CUOC80,23,0
F15HN22,F15HN23,CUOC80,14,1
F6HN112,F6HN113,CUOC80,23,0
F9HN12,F9HN74,ALOE32,12,0
F10HN35,F10HN36,CUOC60,13,1
F10HN31,F10HN35,CUOC60,1,1
F10HN34,F10HN39,CUCVT150,13,1
F10HN33,F10HN34,CUCVT150,13,1
F10HN36,F10HN37,CUOC60,13,1
F10HN37,F10HN38,CUOC60,10,1
F10HN30,F10HN31,CUOC60,12,1
F10HN31,F10HN33,CUCVT150,0,1
F10HN31,F10HN32,CUOC60,12,1
F15HN22,F15HN56,CUOC80,37,0
F15HN21,F15HN22,CUOC80,24,1
F6HN115,F6HN116,CUCVT325,25,0
F8HN150,F8HN152,CUOC80,41,0
F8HN149,F8HN150,CUOC80,41,0
F8HN152,F8HN154,CUOC80,41,0
F8HN148,F8HN154,CUOC80,12,0
F1HN28,F1HN29,ALOC240,51,1
F1HN27,F1HN28,ALOC240,51,1
F1HN20,F1HN21,ALOC240,51,1
F1HN21,F1HN22,ALOC240,51,1
F1HN19,F1HN20,ALOC240,51,1
F1HN22,F1HN23,ALOC240,51,1
F1HN23,F1HN24,ALOC240,51,1
F1HN24,F1HN25,ALOC240,51,1
F1HN25,F1HN26,ALOC240,33,1
F1HN26,F1HN27,ALOC240,17,1
F14HN113,F14HN120,CUOE5,7,0
F14HN112,F14HN117,CUOC80,15,0
F14HN111,F14HN116,CUOC80,28,0
F14HN110,F14HN115,CUOC80,8,0
F14HN117,F14HN124,CUOC80,15,0
F14HN116,F14HN122,CUOC80,8,0
F14HN115,F14HN123,CUOC80,8,0
F14HN114,F14HN118,CUOC80,7,0
F14HN118,F14HN119,CUOC80,8,0
F14HN119,F14HN121,CUOC80,7,0
F17HN36,F17HN37,CUOC80,0,1
F17HN36,F17HN49,CUOC80,41,0
F17HN35,F17HN36,CUOC80,42,1
F17HN37,F17HN38,CUOC80,12,1
F5HN68,F5HN76,CUOC80,40,0
F17HN30,F17HN31,CUOC80,36,1
F17HN38,F17HN39,CUOC80,92,1
F17HN39,F17HN40,CUOC80,44,1
F3HN44,F3HN45,CUOC80,40,1
F3HN45,F3HN46,CUOC80,37,1
F15HN74,F15HN79,CUCVT325,25,0
F11HN26,F11HN27,CUOC60,15,1
F11HN25,F11HN26,CUOC60,14,1
F15HN72,F15HN74,CUCVT325,25,0
F15HN71,F15HN75,CUOC80,32,0
F3HN40,F3HN41,CUCVT200,47,1
F3HN41,F3HN42,CUCVT200,67,1
F11HN22,F11HN24,CUOC125,42,1
F11HN21,F11HN22,CUOC125,8,1
F3HN43,F3HN44,CUOC80,52,1
F3HN42,F3HN43,CUOC80,25,1
F7HN28,F7HN29,ALOC240,51,1
F7HN27,F7HN28,ALOC240,51,1
F7HN26,F7HN27,ALOC240,17,1
F7HN25,F7HN26,ALOC240,33,1
F11HN20,F11HN21,CUOC125,33,1
F11HN19,F11HN20,CUOC125,41,1
F7HN22,F7HN23,ALOC240,51,1
F7HN21,F7HN22,ALOC240,51,1
F7HN20,F7HN21,ALOC240,51,1
F18HN156,F18HN157,CUOE5,10,0
F18HN147,F18HN156,CUOE5,65,0
F17HN115,F17HN116,CUCVT325,25,0
F17HN116,F17HN119,CUCVT325,25,0
F17HN117,F17HN96,CUOC80,38,0
F17HN109,F17HN114,CUOE5,1,0
F17HN114,F17HN126,CUOE5,91,0
F17HN110,F17HN115,CUCVT325,25,0
F17HN112,F17HN113,CUOC80,23,0
F17HN111,F17HN112,CUOC80,15,0
F17HN113,F17HN118,CUOC80,16,0
F17HN111,F17HN92,CUOC80,23,0
F5HN141,F5HN151,CUOE5,28,0
F5HN140,F5HN142,CUOE5,10,0
F5HN133,F5HN140,CUOE5,64,0
F5HN143,F5HN144,CUOE5,24,0
F5HN142,F5HN145,CUOE5,65,0
F5HN144,F5HN155,CUOE5,30,0
F14HN166,F14HN167,CUOE5,1,0
F8HN138,F8HN146,CUCVT325,25,0
F8HN145,F8HN147,CUOE5,10,0
F8HN143,F8HN144,CUOE5,24,0
F8HN142,F8HN145,CUOE5,65,0
F8HN140,F8HN142,CUOE5,10,0
F8HN133,F8HN140,CUOE5,64,0
F8HN135,F8HN141,CUOC80,35,0
F8HN141,F8HN149,CUOC80,5,0
F8HN137,F8HN148,CUOC80,5,0
F3HN156,F3HN157,CUOE5,10,0
F3HN157,F3HN158,CUOE5,64,0
F3HN132,F3HN139,CUOE5,41,0
F3HN130,F3HN131,CUOC80,73,0
F3HN129,F3HN130,CUOC80,2,0
F3HN130,F3HN134,CUOE5,45,0
F3HN131,F3HN137,CUOC80,75,0
F3HN134,F3HN136,CUOE5,24,0
F3HN123,F3HN135,CUOC80,41,0
F6HN22,F6HN23,CUOC80,14,1
F6HN23,F6HN24,CUOC80,38,1
F6HN26,F6HN27,CUOC80,36,1
F6HN25,F6HN26,CUOC80,0,1
F6HN24,F6HN25,CUOC80,38,1
F16HN85,F16HN86,CUCVT150,113,1
F16HN86,F16HN88,CUCVT150,113,1
F16HN103,F16HN87,CUCVT60,90,0
F16HN84,F16HN87,CUCVT150,6,1
F16HN83,F16HN84,CUCVT150,113,1
F16HN83,F16HN85,CUCVT150,16,1
F16HN82,F16HN83,DUMMY 1,0,1
F16HN81,F16HN82,CUCVT150,76,1
F16HN104,F16HN80,CUCVT60,30,0
F16HN80,F16HN81,CUCVT150,53,1
F3HN56,F3HN57,CUOC80,39,0
F3HN57,F3HN62,CUOC80,38,0
F3HN54,F3HN63,CUOC80,41,0
F3HN14,F3HN55,CUOC80,9,0
F3HN52,F3HN53,CUOC80,92,0
F3HN53,F3HN66,CUOC80,4,0
F16HN88,F16HN89,CUCVT150,113,1
F17HN100,F17HN97,CUOE5,1,0
F17HN95,F17HN97,CUOE5,91,0
F18HN47,F18HN48,CUOC80,15,1
F18HN49,F18HN67,CUOC80,25,0
F18HN49,F18HN58,CUOE5,51,0
F18HN44,F18HN45,CUOC80,40,1
F18HN43,F18HN44,CUOC80,52,1
F18HN45,F18HN46,CUOC80,37,1
F18HN46,F18HN47,CUOC80,55,1
F18HN40,F18HN41,CUCVT200,47,1
F18HN41,F18HN42,CUCVT200,67,1
F18HN42,F18HN43,CUOC80,25,1
F12HN32,F12HN33,CUOC80,7,1
F12HN33,F12HN34,CUOC80,34,1
F12HN31,F12HN32,CUOC80,29,1
F12HN30,F12HN31,CUOC80,36,1
F12HN29,F12HN30,CUOC80,19,1
F12HN37,F12HN38,CUOC80,12,1
F12HN34,F12HN35,CUOC80,38,1
F18HN141,F18HN149,CUOC80,5,0
F18HN149,F18HN150,CUOC80,41,0
F12HN38,F12HN39,CUOC80,92,1
F4HN19,F4HN20,ALOC240,65,1
F4HN18,F4HN19,ALOC240,65,1
F9HN32,F9HN33,ALOC240,47,1
F9HN31,F9HN32,ALOC240,11,1
F9HN29,F9HN30,ALOC240,46,1
F9HN30,F9HN31,ALOC240,35,1
F9HN36,F9HN37,ALOC240,9,1
F15HN102,F15HN109,CUOE5,91,0
F15HN100,F15HN108,CUOE5,0,0
F15HN106,F15HN107,CUCVT325,25,0
F15HN105,F15HN106,CUCVT325,25,0
F17HN80,F17HN92,CUOC80,15,0
F10HN21,F10HN22,CUOC125,8,1
F10HN22,F10HN24,CUOC125,42,1
F10HN21,F10HN23,CUOC60,21,1
F10HN23,F10HN25,CUOC60,28,1
F10HN20,F10HN21,CUOC125,33,1
F10HN26,F10HN27,CUOC60,15,1
F10HN25,F10HN26,CUOC60,14,1
F10HN27,F10HN29,CUCVT150,42,1
F10HN24,F10HN28,CUOC125,19,1
F2HN36,F2HN37,ALOC240,9,1
F2HN37,F2HN38,ALOC240,37,1
F12HN20,F12HN21,CUOC80,38,1
F12HN19,F12HN20,CUOC80,39,1
F4HN20,F4HN21,ALOC240,65,1
F4HN21,F4HN22,ALOC240,61,1
F1HN14,F1HN15,ALOC240,51,1
F1HN13,F1HN14,ALOC240,51,1
F1HN15,F1HN16,ALOC240,51,1
F1HN16,F1HN17,ALOC240,51,1
F1HN17,F1HN18,ALOC240,51,1
F1HN10,F1HN11,ALOC240,51,1
F1HN11,F1HN12,ALOC240,51,1
F1HN12,F1HN13,ALOC240,51,1
F4HN24,F4HN25,ALOC240,60,1
F1HN18,F1HN19,ALOC240,51,1
F12HN24,F12HN25,CUOC80,38,1
F12HN25,F12HN26,CUOC80,0,1
F14HN39,F14HN40,CUOC80,7,1
F14HN38,F14HN39,CUOC80,7,1
F14HN37,F14HN38,CUOC80,1,1
F4HN25,F4HN26,ALOC240,47,1
F4HN26,F4HN27,ALOC240,15,1
F14HN30,F14HN31,CUOC80,16,1
F14HN31,F14HN32,CUOC80,16,1
F14HN29,F14HN30,CUOC80,12,1
F14HN32,F14HN33,CUOC80,16,1
F14HN33,F14HN34,CUOC80,16,1
F14HN34,F14HN35,CUOC80,16,1
F14HN36,F14HN37,CUOC80,6,1
F14HN28,F14HN36,CUOC80,7,1
F4HN28,F4HN29,ALOC240,46,1
F4HN27,F4HN28,ALOC240,30,1
F14HN121,F14HN126,CUOC80,7,0
F14HN126,F14HN129,CUOC80,8,0
F14HN127,F14HN133,CUOC80,15,0
F14HN124,F14HN127,CUOC80,16,0
F14HN125,F14HN131,CUOC80,8,0
F14HN123,F14HN125,CUOC80,8,0
F14HN122,F14HN132,CUOC80,10,0
F14HN120,F14HN128,CUOE5,7,0
F14HN128,F14HN136,CUOE5,7,0
F14HN129,F14HN130,CUOC80,7,0
F17HN41,F17HN42,CUCVT200,67,1
F17HN40,F17HN41,CUCVT200,47,1
F5HN58,F5HN65,CUOE5,7,0
F17HN45,F17HN46,CUOC80,37,1
F5HN66,F5HN68,CUOC80,91,0
F5HN53,F5HN66,CUOC80,4,0
F17HN49,F17HN58,CUOE5,51,0
F17HN49,F17HN67,CUOC80,25,0
F9HN22,F9HN23,ALOC240,3,1
F9HN1,F9HN2,CUCVT325,52,1
F3HN0,F9HN1,CUCVT500,349,1
F16HN100,F16HN107,CUCVT38,24,0
F16HN106,F16HN25,CUCVT60,10,0
F15HN130,F15HN134,CUOE5,45,0
F9HN25,F9HN26,ALOC240,47,1
F9HN26,F9HN27,ALOC240,15,1
F9HN6,F9HN7,ALOC240,64,1
F15HN49,F15HN58,CUOE5,51,0
F15HN36,F15HN49,CUOC80,41,0
F15HN47,F15HN48,CUOC80,15,1
F15HN40,F15HN41,CUCVT200,47,1
F15HN41,F15HN42,CUCVT200,67,1
F15HN42,F15HN43,CUOC80,25,1
F15HN43,F15HN44,CUOC80,52,1
F15HN44,F15HN45,CUOC80,40,1
F15HN45,F15HN46,CUOC80,37,1
F15HN44,F15HN50,CUOC80,21,0
F15HN46,F15HN47,CUOC80,55,1
F9HN2,F9HN3,ALOC240,24,1
F7HN58,F7HN59,ALOC240,15,1
F7HN57,F7HN58,ALOC240,18,1
F7HN59,F7HN60,ALOC240,25,1
F9HN3,F9HN4,ALOC240,41,1
F7HN52,F7HN53,ALOC240,25,1
F7HN51,F7HN52,ALOC240,8,1
F7HN53,F7HN54,ALOC240,26,1
F7HN49,F7HN50,ALOC240,25,1
F7HN50,F7HN51,ALOC240,17,1
F7HN56,F7HN57,ALOC240,17,1
F7HN55,F7HN56,ALOC240,8,1
F7HN54,F7HN55,ALOC240,7,1
F17HN102,F17HN109,CUOE5,91,0
F17HN100,F17HN108,CUOE5,0,0
F5HN152,F5HN154,CUOC80,41,0
F5HN150,F5HN152,CUOC80,41,0
F17HN101,F17HN93,CUOC80,67,0
F17HN103,F17HN89,CUOE5,33,0
F17HN105,F17HN91,CUCVT325,25,0
F17HN105,F17HN106,CUCVT325,25,0
F17HN104,F17HN88,CUOC80,17,0
F13HN18,F13HN19,ALOC120,35,0
F13HN18,F13HN26,CUCVT60,3,0
F13HN19,F13HN24,ALOC120,17,0
F13HN10,F13HN11,ALOC240,18,1
F13HN11,F13HN12,ALOC240,34,1
F13HN11,F13HN17,CUCVT60,0,0
F13HN12,F13HN13,ALOC240,12,1
F13HN13,F13HN21,CUCVT60,50,0
F13HN13,F13HN14,ALOC240,33,1
F13HN13,F13HN20,ALOC120,7,0
F13HN15,F13HN5,CUCVT60,36,0
F13HN16,F13HN22,ALOC240,53,0
F13HN17,F13HN23,CUCVT60,21,0
F8HN132,F8HN139,CUOE5,41,0
F8HN126,F8HN132,CUOE5,0,0
F8HN130,F8HN131,CUOC80,73,0
F8HN131,F8HN137,CUOC80,75,0
F8HN129,F8HN130,CUOC80,2,0
F8HN130,F8HN134,CUOE5,45,0
F1HN149,F1HN150,ALOC120,51,0
F1HN148,F1HN149,ALOC120,51,0
F17HN94,F17HN95,CUOE5,1,0
F17HN90,F17HN94,CUOE5,91,0
F14HN14,F14HN15,CUCVT150,28,1
F17HN86,F17HN96,CUOC80,38,0
F6HN2,F6HN3,DUMMY 1,0,1
F6HN3,F6HN4,CUOC80,25,1
F6HN1,F6HN2,CUOC80,131,1
F3HN0,F6HN1,CUCVT325,190,1
F18HN157,F18HN158,CUOE5,64,0
F6HN7,F6HN8,CUOC80,8,1
F6HN6,F6HN7,CUOC80,25,1
F6HN5,F6HN6,CUOC80,25,1
F6HN4,F6HN5,CUOC80,25,1
F17HN77,F17HN90,CUOE5,1,0
F6HN8,F6HN9,CUOC80,39,1
F6HN10,F6HN9,CUOC80,38,1
F17HN81,F17HN91,CUCVT325,25,0
F15HN35,F15HN36,CUOC80,42,1
F15HN36,F15HN37,CUOC80,0,1
F18HN146,F18HN153,CUCVT325,25,0
F18HN150,F18HN152,CUOC80,41,0
F18HN152,F18HN154,CUOC80,41,0
F6HN38,F6HN39,CUOC80,92,1
F6HN37,F6HN38,CUOC80,12,1
F6HN30,F6HN31,CUOC80,36,1
F6HN31,F6HN32,CUOC80,29,1
F6HN32,F6HN33,CUOC80,7,1
F6HN33,F6HN34,CUOC80,34,1
F6HN34,F6HN35,CUOC80,38,1
F6HN35,F6HN36,CUOC80,42,1
F6HN36,F6HN37,CUOC80,0,1
F6HN19,F6HN20,CUOC80,39,1
F17HN84,F17HN87,CUOC80,41,0
F17HN87,F17HN99,CUOC80,41,0
F3HN49,F3HN67,CUOC80,25,0
F11HN27,F11HN29,CUCVT150,42,1
F11HN24,F11HN28,CUOC125,19,1
F11HN23,F11HN25,CUOC60,28,1
F11HN21,F11HN23,CUOC60,21,1
F18HN74,F18HN79,CUCVT325,25,0
F18HN67,F18HN78,CUOC80,6,0
F18HN71,F18HN75,CUOC80,32,0
F18HN60,F18HN71,CUOC80,39,0
F18HN63,F18HN70,CUOC80,41,0
F18HN64,F18HN73,CUOC80,15,0
F18HN72,F18HN74,CUCVT325,25,0
F18HN61,F18HN72,CUCVT325,25,0
F18HN66,F18HN77,CUOE5,89,0
F18HN68,F18HN76,CUOC80,40,0
F12HN21,F12HN22,CUOC80,24,1
F12HN22,F12HN23,CUOC80,14,1
F12HN23,F12HN24,CUOC80,38,1
F12HN26,F12HN27,CUOC80,36,1
F12HN28,F12HN29,CUOC80,17,1
F12HN27,F12HN28,CUOC80,36,1
F15HN132,F15HN139,CUOE5,41,0
F15HN126,F15HN132,CUOE5,0,0
F15HN128,F15HN133,CUOE5,10,0
F15HN129,F15HN130,CUOC80,2,0
F9HN27,F9HN28,ALOC240,30,1
F15HN123,F15HN135,CUOC80,41,0
F9HN28,F9HN29,ALOC240,46,1
F15HN127,F15HN138,CUCVT325,25,0
F5HN100,F5HN108,CUOE5,0,0
F2HN48,F2HN49,ALOC240,53,1
F7HN107,F7HN111,ALOC240,16,0
F7HN101,F7HN106,ALOC120,51,0
F7HN106,F7HN109,ALOC120,51,0
F7HN104,F7HN105,ALOC120,1,0
F7HN103,F7HN108,ALOC240,51,0
F7HN109,F7HN114,ALOC120,51,0
F7HN108,F7HN110,ALOC240,51,0
F14HN26,F14HN27,CUOC80,20,1
F14HN27,F14HN28,CUOC80,7,1
F14HN24,F14HN25,CUOC80,16,1
F14HN23,F14HN24,CUOC80,17,1
F14HN25,F14HN29,CUOC80,4,1
F14HN22,F14HN23,CUOC80,6,1
F14HN20,F14HN21,CUOC80,27,1
F14HN21,F14HN26,CUOC80,0,1
F14HN154,F14HN156,CUOE5,7,0
F14HN151,F14HN154,CUOE5,7,0
F15HN1,F3HN0,CUCVT325,190,1
F15HN1,F15HN2,CUOC80,131,1
F17HN156,F17HN157,CUOE5,10,0
F17HN50,F17HN52,CUOC80,92,0
F17HN51,F17HN54,CUOC80,37,0
F17HN52,F17HN53,CUOC80,92,0
F17HN53,F17HN66,CUOC80,4,0
F17HN54,F17HN63,CUOC80,41,0
F17HN55,F17HN59,CUOC80,39,0
F17HN56,F17HN57,CUOC80,39,0
F17HN57,F17HN62,CUOC80,38,0
F5HN51,F5HN54,CUOC80,37,0
F5HN55,F5HN59,CUOC80,39,0
F5HN56,F5HN57,CUOC80,39,0
F5HN50,F5HN52,CUOC80,92,0
F5HN52,F5HN53,CUOC80,92,0
F16HN116,F16HN118,CUCVT22,1,0
F2HN80,F2HN83,ALOC240,65,0
F16HN115,F16HN117,CUCVT60,13,0
F15HN56,F15HN57,CUOC80,39,0
F15HN51,F15HN54,CUOC80,37,0
F15HN55,F15HN59,CUOC80,39,0
F15HN52,F15HN53,CUOC80,92,0
F15HN50,F15HN52,CUOC80,92,0
F7HN48,F7HN49,ALOC240,51,1
F7HN47,F7HN48,ALOC240,51,1
F7HN40,F7HN41,ALOC240,51,1
F14HN133,F14HN134,CUOC80,15,0
F14HN132,F14HN135,CUOC80,10,0
F7HN44,F7HN45,ALOC240,9,1
F7HN45,F7HN46,ALOC240,34,1
F7HN43,F7HN44,ALOC240,51,1
F7HN46,F7HN47,ALOC240,7,1
F13HN23,F13HN25,CUCVT60,32,0
F13HN25,F13HN35,CUCVT60,50,0
F5HN121,F5HN124,CUOC80,29,0
F5HN120,F5HN127,CUCVT325,25,0
F13HN21,F13HN27,CUCVT60,34,0
F5HN124,F5HN125,CUOC80,45,0
F5HN129,F5HN130,CUOC80,2,0
F5HN125,F5HN129,CUOC80,29,0
F5HN128,F5HN133,CUOE5,10,0
F5HN125,F5HN128,CUOE5,10,0
F13HN26,F13HN29,CUCVT60,17,0
F13HN28,F13HN36,ALOC120,18,0
F13HN20,F13HN28,ALOC120,53,0
F17HN78,F17HN89,CUOE5,26,0
F17HN78,F17HN88,CUOC80,58,0
F1HN152,F1HN153,ALOC120,51,0
F1HN151,F1HN152,ALOC120,51,0
F1HN150,F1HN151,ALOC120,51,0
F8HN124,F8HN125,CUOC80,45,0
F8HN125,F8HN129,CUOC80,29,0
F8HN114,F8HN126,CUOE5,91,0
F12HN1,F3HN0,CUCVT325,190,1
F12HN1,F12HN2,CUOC80,131,1
F12HN2,F12HN3,DUMMY 1,0,1
F12HN3,F12HN4,CUOC80,25,1
F12HN4,F12HN5,CUOC80,25,1
F12HN5,F12HN6,CUOC80,25,1
F12HN6,F12HN7,CUOC80,25,1
F3HN8,F3HN9,CUOC80,39,1
F3HN7,F3HN8,CUOC80,8,1
F3HN10,F3HN9,CUOC80,38,1
F3HN0,F3HN1,CUCVT325,190,1
F3HN1,F3HN2,CUOC80,131,1
F3HN2,F3HN3,DUMMY 1,0,1
F3HN3,F3HN4,CUOC80,25,1
F3HN3,F3HN61,CUCVT325,16,0
F3HN4,F3HN5,CUOC80,25,1
F3HN5,F3HN6,CUOC80,25,1
F3HN6,F3HN7,CUOC80,25,1
F3HN66,F3HN68,CUOC80,91,0
F3HN68,F3HN76,CUOC80,40,0
F17HN146,F17HN153,CUCVT325,25,0
F3HN67,F3HN78,CUOC80,6,0
F11HN37,F11HN38,CUOC60,10,1
F11HN34,F11HN39,CUCVT150,13,1
F11HN33,F11HN34,CUCVT150,13,1
F11HN35,F11HN36,CUOC60,13,1
F11HN36,F11HN37,CUOC60,13,1
F11HN13,F11HN30,CUOC60,13,1
F18HN66,F18HN68,CUOC80,91,0
F18HN11,F18HN64,CUOC80,7,0
F18HN58,F18HN65,CUOE5,7,0
F18HN62,F18HN69,CUOC80,38,0
F12HN18,F12HN19,CUOC80,0,1
F12HN17,F12HN18,CUOC80,38,1
F18HN15,F18HN16,CUOC80,38,1
F18HN14,F18HN15,CUOC80,31,1
F12HN14,F12HN15,CUOC80,31,1
F12HN15,F12HN16,CUOC80,38,1
F12HN16,F12HN17,CUOC80,39,1
F12HN10,F12HN11,CUOC80,10,1
F12HN11,F12HN12,CUOC80,27,1
F15HN124,F15HN125,CUOC80,45,0
F15HN125,F15HN129,CUOC80,29,0
F15HN125,F15HN128,CUOE5,10,0
F15HN121,F15HN124,CUOC80,29,0
F15HN120,F15HN127,CUCVT325,25,0
F15HN119,F15HN120,CUCVT325,25,0
F15HN122,F15HN123,CUOC80,41,0
F9HN14,F9HN15,ALOC240,65,1
F9HN15,F9HN16,ALOC240,2,1
F9HN16,F9HN17,ALOC240,62,1
F7HN114,F7HN121,ALOC120,51,0
F7HN115,F7HN123,CUCVT60,17,0
F7HN113,F7HN115,CUCVT60,5,0
F7HN116,F7HN118,ALOC240,19,0
F7HN116,F7HN117,ALOC120,44,0
F7HN110,F7HN116,ALOC240,7,0
F7HN117,F7HN120,ALOC120,31,0
F7HN111,F7HN112,ALOC240,17,0
F7HN112,F7HN113,ALOC240,11,0
F7HN113,F7HN119,ALOC240,8,0
F7HN118,F7HN122,ALOC240,51,0
F7HN119,F7HN124,ALOC240,7,0
F8HN82,F8HN93,CUOC80,25,0
F8HN83,F8HN85,CUOE5,1,0
F8HN80,F8HN92,CUOC80,15,0
F8HN81,F8HN91,CUCVT325,25,0
F8HN86,F8HN96,CUOC80,38,0
F8HN87,F8HN99,CUOC80,41,0
F8HN84,F8HN87,CUOC80,41,0
F8HN85,F8HN98,CUOE5,91,0
F8HN104,F8HN88,CUOC80,17,0
F8HN103,F8HN89,CUOE5,33,0
F14HN52,F14HN53,CUOC80,7,1
F14HN53,F14HN54,CUOC80,7,1
F14HN51,F14HN52,CUOC80,7,1
F14HN50,F14HN51,CUOC80,6,1
F14HN49,F14HN50,CUOC80,7,1
F14HN57,F14HN58,CUOC80,7,1
F14HN56,F14HN57,CUOC80,7,1
F14HN55,F14HN56,CUOC80,7,1
F14HN54,F14HN55,CUOC80,7,1
F14HN58,F14HN59,CUOC80,7,1
F16HN115,F16HN96,CUCVT60,13,0
F5HN49,F5HN58,CUOE5,51,0
F17HN69,F17HN86,CUOC80,39,0
F17HN62,F17HN69,CUOC80,38,0
F2HN81,F2HN91,ALOC240,45,0
F17HN58,F17HN65,CUOE5,7,0
F17HN64,F17HN73,CUOC80,15,0
F17HN67,F17HN78,CUOC80,6,0
F17HN66,F17HN77,CUOE5,89,0
F17HN61,F17HN72,CUCVT325,25,0
F17HN3,F17HN61,CUCVT325,16,0
F17HN59,F17HN60,CUOC80,38,0
F17HN60,F17HN71,CUOC80,39,0
F17HN63,F17HN70,CUOC80,41,0
F18HN148,F18HN154,CUOC80,12,0
F17HN83,F17HN85,CUOE5,1,0
F17HN70,F17HN84,CUOC80,41,0
F17HN76,F17HN83,CUOE5,51,0
F17HN79,F17HN81,CUCVT325,25,0
F17HN73,F17HN80,CUOC80,23,0
F18HN141,F18HN151,CUOE5,28,0
F18HN143,F18HN144,CUOE5,24,0
F18HN144,F18HN155,CUOE5,30,0
F18HN145,F18HN147,CUOE5,10,0
F7HN74,F7HN75,ALOC240,4,1
F7HN73,F7HN74,ALOC240,12,1
F7HN75,F7HN76,ALOC240,12,1
F7HN76,F7HN77,ALOC240,5,1
F7HN77,F7HN78,ALOC240,16,1
F7HN69,F7HN70,ALOC240,17,1
F7HN70,F7HN71,ALOC240,16,1
F7HN71,F7HN72,ALOC240,16,1
F7HN72,F7HN73,ALOC240,16,1
F7HN78,F7HN79,ALOC240,3,1
F14HN147,F14HN148,CUOC80,8,0
F14HN148,F14HN151,CUOC80,0,0
F14HN144,F14HN147,CUOC80,7,0
F14HN141,F14HN144,CUOC80,7,0
F14HN140,F14HN145,CUOE5,7,0
F14HN146,F14HN152,CUOC80,15,0
F14HN143,F14HN146,CUOC80,16,0
F14HN136,F14HN140,CUOE5,7,0
F14HN139,F14HN141,CUOC80,8,0
F14HN135,F14HN142,CUOC80,18,0
F14HN137,F14HN143,CUOC80,15,0
F13HN33,F13HN34,ALOC240,14,0
F13HN22,F13HN33,ALOC240,22,0
F13HN27,F13HN30,CUCVT60,18,0
F13HN30,F13HN31,CUCVT60,53,0
F13HN31,F13HN37,CUCVT60,53,0
F13HN37,F13HN38,CUCVT60,52,0
F5HN127,F5HN138,CUCVT325,25,0
F17HN163,F17HN164,CUOE5,6,0
F17HN162,F17HN163,CUOE5,35,0
F17HN161,F17HN162,CUOE5,6,0
F17HN160,F17HN161,CUOE5,35,0
F17HN151,F17HN160,CUOE5,6,0
F5HN122,F5HN123,CUOC80,41,0
F9HN47,F9HN48,ALOC240,72,1
F9HN44,F9HN45,ALOC240,94,1
F8HN116,F8HN119,CUCVT325,25,0
F8HN113,F8HN118,CUOC80,16,0
F5HN122,F5HN99,CUOC80,41,0
F8HN109,F8HN114,CUOE5,1,0
F8HN117,F8HN96,CUOC80,38,0
F8HN111,F8HN92,CUOC80,23,0
F8HN107,F8HN110,CUCVT325,25,0
F15HN111,F15HN112,CUOC80,15,0
F5HN40,F5HN41,CUCVT200,47,1
F3HN62,F3HN69,CUOC80,38,0
F18HN12,F18HN13,CUOC80,38,1
F18HN13,F18HN14,CUOC80,7,1
F18HN11,F18HN12,CUOC80,27,1
F18HN10,F18HN11,CUOC80,10,1
F18HN17,F18HN18,CUOC80,38,1
F18HN16,F18HN17,CUOC80,39,1
F17HN7,F17HN8,CUOC80,8,1
F17HN6,F17HN7,CUOC80,25,1
F18HN18,F18HN19,CUOC80,0,1
F17HN2,F17HN3,DUMMY 1,0,1
F17HN1,F17HN2,CUOC80,131,1
F5HN45,F5HN46,CUOC80,37,1
F6HN12,F6HN13,CUOC80,38,1
F6HN13,F6HN14,CUOC80,7,1
F6HN11,F6HN12,CUOC80,27,1
F6HN10,F6HN11,CUOC80,10,1
F6HN17,F6HN18,CUOC80,38,1
F6HN16,F6HN17,CUOC80,39,1
F6HN15,F6HN16,CUOC80,38,1
F6HN14,F6HN15,CUOC80,31,1
F6HN18,F6HN19,CUOC80,0,1
F3HN12,F3HN13,CUOC80,38,1
F3HN11,F3HN12,CUOC80,27,1
F4HN48,F4HN49,ALOC240,53,1
F3HN13,F3HN14,CUOC80,7,1
F4HN42,F4HN43,ALOC240,94,1
F4HN41,F4HN42,ALOC240,54,1
F4HN43,F4HN44,ALOC240,94,1
F4HN40,F4HN41,ALOC240,41,1
F4HN45,F4HN46,ALOC240,55,1
F3HN10,F3HN11,CUOC80,10,1
F4HN44,F4HN45,ALOC240,94,1
F11HN15,F11HN16,CUOC125,15,1
F11HN14,F11HN15,CUOC125,20,1
F11HN15,F11HN18,CUOC125,2,1
F3HN16,F3HN17,CUOC80,39,1
F3HN15,F3HN16,CUOC80,38,1
F3HN17,F3HN18,CUOC80,38,1
F11HN10,F11HN11,CUOC60,30,1
F3HN14,F3HN15,CUOC80,31,1
F6HN90,F6HN94,CUOE5,91,0
F7HN121,F7HN125,ALOC120,36,0
F7HN123,F7HN126,CUCVT60,16,0
F7HN122,F7HN127,ALOC240,47,0
F7HN125,F7HN128,CUCVT325,14,0
F7HN126,F7HN129,CUCVT60,16,0
F8HN105,F8HN91,CUCVT325,25,0
F8HN90,F8HN94,CUOE5,91,0
F8HN101,F8HN93,CUOC80,67,0
F8HN94,F8HN95,CUOE5,1,0
F8HN95,F8HN97,CUOE5,91,0
F8HN100,F8HN97,CUOE5,1,0
F8HN102,F8HN98,CUOE5,0,0
F14HN40,F14HN41,CUOC80,7,1
F14HN41,F14HN42,CUOC80,7,1
F14HN42,F14HN43,CUOC80,7,1
F14HN43,F14HN44,CUOC80,7,1
F14HN44,F14HN45,CUOC80,7,1
F14HN45,F14HN46,CUOC80,7,1
F14HN46,F14HN47,CUOC80,7,1
F14HN47,F14HN48,CUOC80,7,1
F14HN48,F14HN49,CUOC80,7,1
F14HN134,F14HN137,CUOC80,15,0
F14HN138,F14HN139,CUOC80,7,0
F17HN74,F17HN79,CUCVT325,25,0
F14HN130,F14HN138,CUOC80,7,0
F17HN72,F17HN74,CUCVT325,25,0
F17HN71,F17HN75,CUOC80,32,0
F5HN105,F5HN91,CUCVT325,25,0
F5HN101,F5HN93,CUOC80,67,0
F15HN34,F15HN35,CUOC80,38,1
F5HN102,F5HN98,CUOE5,0,0
F7HN62,F7HN63,ALOC240,22,1
F7HN63,F7HN64,ALOC240,17,1
F7HN61,F7HN62,ALOC240,2,1
F7HN60,F7HN61,ALOC240,8,1
F7HN67,F7HN68,ALOC240,16,1
F7HN66,F7HN67,ALOC240,12,1
F7HN65,F7HN66,ALOC240,4,1
F7HN64,F7HN65,ALOC240,5,1
F7HN68,F7HN69,ALOC240,16,1
F14HN158,F14HN159,CUOE5,7,0
F14HN156,F14HN158,CUOE5,7,0
F14HN153,F14HN157,CUOE5,7,0
F14HN152,F14HN155,CUOC80,15,0
F14HN150,F14HN153,CUOE5,7,0
F17HN150,F17HN152,CUOC80,41,0
F17HN152,F17HN154,CUOC80,41,0
F5HN102,F5HN109,CUOE5,91,0
F5HN105,F5HN106,CUCVT325,25,0
F5HN106,F5HN107,CUCVT325,25,0
F8HN100,F8HN108,CUOE5,0,0
F8HN102,F8HN109,CUOE5,91,0
F8HN106,F8HN107,CUCVT325,25,0
F8HN105,F8HN106,CUCVT325,25,0
F11HN16,F11HN17,CUOC125,4,1
F11HN11,F11HN12,CUOC60,30,1
F3HN18,F3HN19,CUOC80,0,1
F11HN18,F11HN19,CUOC125,42,1
F16HN24,F16HN28,CUOC125,19,1
F16HN22,F16HN24,CUOC125,42,1
F16HN25,F16HN26,CUOC60,14,1
F16HN23,F16HN25,CUOC60,28,1
F16HN26,F16HN27,CUOC60,15,1
F16HN27,F16HN29,CUCVT150,42,1
F16HN20,F16HN21,CUOC125,33,1
F16HN21,F16HN22,CUOC125,8,1
F16HN21,F16HN23,CUOC60,21,1
